label,feature,importance
NR-AR,MINdssC,37
NR-AR,JGI4,34
NR-AR,ATSC4v,31
NR-AR,AXp-6d,30
NR-AR,ETA_shape_y,30
NR-AR,GATS2c,29
NR-AR,RPCG,28
NR-AR,MDEC-13,27
NR-AR,MATS6c,26
NR-AR,GATS6i,26
NR-AR,GATS8c,25
NR-AR,GATS5dv,25
NR-AR,JGI8,25
NR-AR,MAXsCH3,25
NR-AR,AETA_eta,24
NR-AR,ATSC3s,24
NR-AR,MATS3c,23
NR-AR,ATSC4d,23
NR-AR,IC1,22
NR-AR,VSA_EState4,22
NR-AR,ATSC8s,22
NR-AR,AATSC3s,22
NR-AR,AATSC8d,21
NR-AR,MATS7i,21
NR-AR,ATSC4s,21
NR-AR,GATS3v,21
NR-AR,MDEC-23,21
NR-AR,MAXdsCH,20
NR-AR,AATSC6c,20
NR-AR,ATSC2d,20
NR-AR,MATS5c,19
NR-AR,SdssC,19
NR-AR,ATSC7d,19
NR-AR,ATSC4p,19
NR-AR,EState_VSA5,19
NR-AR,AATSC5v,19
NR-AR,Xpc-6dv,19
NR-AR,MATS6i,19
NR-AR,MATS8s,19
NR-AR,AATS4i,19
NR-AR,MAXdO,19
NR-AR,MATS4c,19
NR-AR,MINaasC,18
NR-AR,MAXdssC,18
NR-AR,ATSC6d,18
NR-AR,MINssCH2,18
NR-AR,MDEC-22,18
NR-AR,GATS1i,18
NR-AR,AXp-6dv,18
NR-AR,MATS1dv,18
NR-AR,BalabanJ,17
NR-AR,AATSC7d,17
NR-AR,JGI5,17
NR-AR,EState_VSA7,17
NR-AR,MATS5dv,17
NR-AR,MATS3s,17
NR-AR,ATSC3v,17
NR-AR,PEOE_VSA8,17
NR-AR,ATSC2c,17
NR-AR,EState_VSA8,16
NR-AR,GATS3i,16
NR-AR,AATSC6i,16
NR-AR,AATSC6p,16
NR-AR,GATS1s,16
NR-AR,AATSC7i,16
NR-AR,BIC5,16
NR-AR,GATS5se,16
NR-AR,JGI7,16
NR-AR,MAXaaCH,16
NR-AR,ATSC5v,16
NR-AR,GATS1v,16
NR-AR,GATS4s,16
NR-AR,ATSC5d,16
NR-AR,GATS3d,15
NR-AR,GATS4c,15
NR-AR,MATS1s,15
NR-AR,MATS4s,15
NR-AR,MATS3Z,15
NR-AR,MATS4p,15
NR-AR,MATS6dv,15
NR-AR,MATS3se,15
NR-AR,ATSC7v,15
NR-AR,ZMIC5,15
NR-AR,ATSC5i,15
NR-AR,ATSC7c,15
NR-AR,ATSC8c,15
NR-AR,AATSC6dv,15
NR-AR,ETA_epsilon_5,15
NR-AR,MINdsCH,15
NR-AR,GATS4i,15
NR-AR,ATSC7s,14
NR-AR,MATS7s,14
NR-AR,MATS6s,14
NR-AR,MAXssCH2,14
NR-AR,ATSC8d,14
NR-AR,RNCG,14
NR-AR,ATSC4c,14
NR-AR,MINdO,14
NR-AR,AXp-0d,14
NR-AR,MATS5v,14
NR-AR,MAXaasC,14
NR-AR,AATS3are,14
NR-AR,GATS6Z,14
NR-AR,AATSC6d,14
NR-AR,GATS4d,14
NR-AR,GATS8se,14
NR-AR,ATSC1i,14
NR-AR,MDEO-12,14
NR-AR,BIC4,14
NR-AR,CIC1,14
NR-AR,CIC4,14
NR-AR,GATS7c,14
NR-AR,BCUTi-1l,14
NR-AR,GATS5p,14
NR-AR,AATSC4i,13
NR-AR,MATS6v,13
NR-AR,PEOE_VSA7,13
NR-AR,MATS2v,13
NR-AR,ATSC4dv,13
NR-AR,MATS3pe,13
NR-AR,AATSC4m,13
NR-AR,AATSC3d,13
NR-AR,MATS8d,13
NR-AR,BIC2,13
NR-AR,ATSC2m,13
NR-AR,AATSC3c,13
NR-AR,AXp-1d,13
NR-AR,VSA_EState5,13
NR-AR,ATSC3d,13
NR-AR,BCUTc-1l,13
NR-AR,BCUTi-1h,13
NR-AR,GATS1se,13
NR-AR,GATS5Z,13
NR-AR,BCUTc-1h,13
NR-AR,MATS4d,12
NR-AR,ETA_eta_FL,12
NR-AR,ATSC5se,12
NR-AR,AATSC5s,12
NR-AR,AATSC7are,12
NR-AR,ATSC6p,12
NR-AR,JGI10,12
NR-AR,AATSC1s,12
NR-AR,AATSC3i,12
NR-AR,GATS5i,12
NR-AR,GATS7v,12
NR-AR,n6ARing,12
NR-AR,ATSC3dv,12
NR-AR,MATS5i,12
NR-AR,BCUTd-1h,12
NR-AR,AATSC3v,12
NR-AR,AATSC1d,12
NR-AR,GATS5are,12
NR-AR,AATSC2v,12
NR-AR,GATS2are,12
NR-AR,MATS8i,12
NR-AR,BIC3,12
NR-AR,AETA_eta_FL,12
NR-AR,ATSC7i,11
NR-AR,FilterItLogS,11
NR-AR,GATS3c,11
NR-AR,ATSC8p,11
NR-AR,AATS8i,11
NR-AR,GATS6c,11
NR-AR,GATS2d,11
NR-AR,AATSC3p,11
NR-AR,MATS1c,11
NR-AR,AATSC5i,11
NR-AR,GATS8i,11
NR-AR,ATSC8v,11
NR-AR,NsssCH,11
NR-AR,GATS6d,11
NR-AR,AATSC4Z,11
NR-AR,MDEC-12,11
NR-AR,MDEC-11,11
NR-AR,VSA_EState7,11
NR-AR,BCUTs-1l,11
NR-AR,SlogP_VSA1,11
NR-AR,AETA_eta_RL,11
NR-AR,MATS3d,11
NR-AR,ATSC4i,11
NR-AR,ATSC5s,11
NR-AR,AATSC4c,11
NR-AR,MINsssCH,11
NR-AR,MATS8se,11
NR-AR,ATSC5Z,11
NR-AR,GATS1are,11
NR-AR,AATS2d,10
NR-AR,MATS3dv,10
NR-AR,ETA_shape_p,10
NR-AR,MATS3i,10
NR-AR,GATS7dv,10
NR-AR,ATSC7p,10
NR-AR,GATS7Z,10
NR-AR,GATS6v,10
NR-AR,MINsCH3,10
NR-AR,MATS6p,10
NR-AR,MATS3v,10
NR-AR,ATSC3i,10
NR-AR,CIC2,10
NR-AR,CIC5,10
NR-AR,AATSC8c,10
NR-AR,GATS7s,10
NR-AR,ATSC5p,10
NR-AR,MAXdCH2,10
NR-AR,SaaCH,10
NR-AR,AATSC2p,10
NR-AR,GATS1pe,10
NR-AR,ATSC6are,10
NR-AR,MATS4se,10
NR-AR,ATSC4are,10
NR-AR,AATSC6v,10
NR-AR,JGI2,10
NR-AR,VR2_A,10
NR-AR,AATSC4se,10
NR-AR,AXp-7d,10
NR-AR,GATS2v,10
NR-AR,fMF,10
NR-AR,JGI9,10
NR-AR,AATSC2c,10
NR-AR,AATSC4pe,10
NR-AR,SaasC,10
NR-AR,MAXsF,10
NR-AR,MATS7are,9
NR-AR,ATSC2dv,9
NR-AR,ATSC7dv,9
NR-AR,MATS5se,9
NR-AR,BCUTse-1l,9
NR-AR,GATS5s,9
NR-AR,ATSC6se,9
NR-AR,AATSC8s,9
NR-AR,TSRW10,9
NR-AR,ETA_eta_L,9
NR-AR,EState_VSA4,9
NR-AR,EState_VSA3,9
NR-AR,GATS3s,9
NR-AR,GATS2s,9
NR-AR,ATSC8se,9
NR-AR,MATS8are,9
NR-AR,AATSC1i,9
NR-AR,SIC5,9
NR-AR,GATS5d,9
NR-AR,GATS3p,9
NR-AR,ATSC3c,9
NR-AR,MATS1d,9
NR-AR,ATSC8i,9
NR-AR,GATS5pe,9
NR-AR,Kier3,9
NR-AR,MINssO,9
NR-AR,MATS6d,9
NR-AR,AATS5i,9
NR-AR,GATS5c,9
NR-AR,MATS7dv,9
NR-AR,ZMIC1,9
NR-AR,AATS3i,9
NR-AR,AATSC4d,9
NR-AR,MATS2c,9
NR-AR,AATS1i,9
NR-AR,GATS3se,9
NR-AR,MATS5p,9
NR-AR,GATS8p,9
NR-AR,MINssNH,9
NR-AR,GATS3dv,9
NR-AR,AATSC7c,9
NR-AR,ATSC5are,8
NR-AR,SdsCH,8
NR-AR,AATSC3dv,8
NR-AR,AATSC0c,8
NR-AR,AATSC1v,8
NR-AR,ATSC3p,8
NR-AR,GATS7i,8
NR-AR,MIC4,8
NR-AR,AATSC2s,8
NR-AR,ETA_eta_B,8
NR-AR,AATSC1dv,8
NR-AR,GATS7p,8
NR-AR,GATS4pe,8
NR-AR,AATSC5p,8
NR-AR,BIC0,8
NR-AR,Xp-7dv,8
NR-AR,GATS8s,8
NR-AR,AATS2p,8
NR-AR,MATS4dv,8
NR-AR,AXp-7dv,8
NR-AR,MATS5Z,8
NR-AR,MAXssO,8
NR-AR,ATSC8pe,8
NR-AR,MATS2Z,8
NR-AR,AATS8s,8
NR-AR,ATSC2Z,8
NR-AR,AXp-3d,8
NR-AR,GATS1c,8
NR-AR,MINsOH,8
NR-AR,MATS8p,8
NR-AR,ATSC4Z,8
NR-AR,ATSC6s,8
NR-AR,ATSC5c,8
NR-AR,GATS8Z,8
NR-AR,GATS5v,8
NR-AR,GATS6dv,8
NR-AR,GATS1d,8
NR-AR-LBD,GATS2c,39
NR-AR-LBD,EState_VSA2,34
NR-AR-LBD,GATS8d,32
NR-AR-LBD,ATSC5dv,31
NR-AR-LBD,AETA_beta_s,31
NR-AR-LBD,Xch-6dv,30
NR-AR-LBD,MATS4se,30
NR-AR-LBD,PEOE_VSA11,28
NR-AR-LBD,ETA_alpha,28
NR-AR-LBD,SaasC,27
NR-AR-LBD,BCUTc-1l,25
NR-AR-LBD,GATS6p,24
NR-AR-LBD,BCUTd-1l,23
NR-AR-LBD,MAXdssC,23
NR-AR-LBD,AATSC4are,22
NR-AR-LBD,GATS4c,21
NR-AR-LBD,GATS5i,20
NR-AR-LBD,AATS3dv,19
NR-AR-LBD,MAXdsCH,19
NR-AR-LBD,ATSC6dv,19
NR-AR-LBD,ATS0p,19
NR-AR-LBD,MDEN-11,19
NR-AR-LBD,ATSC8c,19
NR-AR-LBD,GATS6c,19
NR-AR-LBD,GATS6i,19
NR-AR-LBD,GATS1s,18
NR-AR-LBD,GATS4s,18
NR-AR-LBD,ATSC6c,18
NR-AR-LBD,ETA_dEpsilon_D,18
NR-AR-LBD,AATS0i,17
NR-AR-LBD,PEOE_VSA8,17
NR-AR-LBD,GATS4are,16
NR-AR-LBD,AATSC2d,16
NR-AR-LBD,GATS8c,16
NR-AR-LBD,AATSC8d,16
NR-AR-LBD,GATS4pe,15
NR-AR-LBD,ATS0Z,15
NR-AR-LBD,ATSC4c,15
NR-AR-LBD,MATS3d,15
NR-AR-LBD,MATS3s,15
NR-AR-LBD,MATS2Z,14
NR-AR-LBD,MID_h,14
NR-AR-LBD,MATS5m,14
NR-AR-LBD,BCUTc-1h,14
NR-AR-LBD,AATS8dv,13
NR-AR-LBD,AATSC7s,13
NR-AR-LBD,ATSC5d,13
NR-AR-LBD,GATS3c,13
NR-AR-LBD,MAXsOH,13
NR-AR-LBD,GATS6se,13
NR-AR-LBD,GATS8s,13
NR-AR-LBD,AATSC4c,13
NR-AR-LBD,ATS3Z,12
NR-AR-LBD,AATSC3dv,12
NR-AR-LBD,AATSC3p,12
NR-AR-LBD,MATS8p,12
NR-AR-LBD,MINaasC,12
NR-AR-LBD,GATS1dv,12
NR-AR-LBD,SIC2,12
NR-AR-LBD,ATSC3c,12
NR-AR-LBD,MINssO,12
NR-AR-LBD,AATS1i,12
NR-AR-LBD,GATS5d,12
NR-AR-LBD,MATS8c,12
NR-AR-LBD,RNCG,12
NR-AR-LBD,GATS4d,12
NR-AR-LBD,AATSC0p,12
NR-AR-LBD,ATSC2se,11
NR-AR-LBD,ATS2m,11
NR-AR-LBD,ATSC1v,11
NR-AR-LBD,GATS3pe,11
NR-AR-LBD,AATSC8i,11
NR-AR-LBD,AATS1s,11
NR-AR-LBD,AATS2i,11
NR-AR-LBD,MAXdCH2,11
NR-AR-LBD,GATS8v,10
NR-AR-LBD,BIC1,10
NR-AR-LBD,AETA_eta_FL,10
NR-AR-LBD,MINaaN,10
NR-AR-LBD,MATS2are,10
NR-AR-LBD,MATS2s,10
NR-AR-LBD,ATSC6v,10
NR-AR-LBD,GATS3p,10
NR-AR-LBD,BIC3,10
NR-AR-LBD,MPC10,10
NR-AR-LBD,AXp-7dv,10
NR-AR-LBD,BCUTd-1h,10
NR-AR-LBD,MATS5c,9
NR-AR-LBD,SpMax_A,9
NR-AR-LBD,AMID,9
NR-AR-LBD,SpMAD_A,9
NR-AR-LBD,AATS3se,9
NR-AR-LBD,AETA_beta,9
NR-AR-LBD,AATS4p,9
NR-AR-LBD,AATSC7d,9
NR-AR-LBD,ATSC3v,9
NR-AR-LBD,MATS3Z,9
NR-AR-LBD,MDEC-33,9
NR-AR-LBD,AATSC6c,9
NR-AR-LBD,AATSC1c,9
NR-AR-LBD,ATSC8i,9
NR-AR-LBD,MATS6p,9
NR-AR-LBD,GATS1i,9
NR-AR-LBD,AATS2dv,9
NR-AR-LBD,ATSC7Z,8
NR-AR-LBD,AATSC0s,8
NR-AR-LBD,AATS3are,8
NR-AR-LBD,ATSC7s,8
NR-AR-LBD,MATS1c,8
NR-AR-LBD,GATS3s,8
NR-AR-LBD,EState_VSA1,8
NR-AR-LBD,ETA_shape_p,8
NR-AR-LBD,GATS1v,8
NR-AR-LBD,PEOE_VSA6,8
NR-AR-LBD,ATSC7pe,8
NR-AR-LBD,AATS3Z,8
NR-AR-LBD,MINdsCH,8
NR-AR-LBD,AATSC1dv,8
NR-AR-LBD,AATSC0c,8
NR-AR-LBD,ATS3m,8
NR-AR-LBD,ATSC7v,8
NR-AR-LBD,VSA_EState2,8
NR-AR-LBD,AATSC8s,8
NR-AR-LBD,ATSC7p,8
NR-AR-LBD,MATS7se,8
NR-AR-LBD,GATS8dv,8
NR-AR-LBD,MATS1are,8
NR-AR-LBD,AATS1dv,7
NR-AR-LBD,GATS5c,7
NR-AR-LBD,MATS3pe,7
NR-AR-LBD,AATS2v,7
NR-AR-LBD,AATS0v,7
NR-AR-LBD,GATS1c,7
NR-AR-LBD,AATS6v,7
NR-AR-LBD,BCUTdv-1h,7
NR-AR-LBD,MATS4p,7
NR-AR-LBD,MATS7pe,7
NR-AR-LBD,GATS5dv,7
NR-AR-LBD,AATS0s,7
NR-AR-LBD,AATS4Z,7
NR-AR-LBD,AATSC6d,7
NR-AR-LBD,MATS1dv,7
NR-AR-LBD,GATS3d,7
NR-AR-LBD,GATS1d,7
NR-AR-LBD,GATS6s,7
NR-AR-LBD,ATS4d,7
NR-AR-LBD,SlogP_VSA5,7
NR-AR-LBD,GATS8p,7
NR-AR-LBD,MINssCH2,7
NR-AR-LBD,AATSC5Z,7
NR-AR-LBD,ATSC4dv,7
NR-AR-LBD,ATSC3dv,7
NR-AR-LBD,VSA_EState1,7
NR-AR-LBD,IC2,7
NR-AR-LBD,MDEC-14,7
NR-AR-LBD,MDEC-22,7
NR-AR-LBD,MAXsCH3,7
NR-AR-LBD,MAXssCH2,7
NR-AR-LBD,GATS6are,7
NR-AR-LBD,EState_VSA8,7
NR-AR-LBD,VSA_EState4,7
NR-AR-LBD,MINdO,7
NR-AR-LBD,AATSC0dv,7
NR-AR-LBD,ATSC0s,7
NR-AR-LBD,AXp-3dv,7
NR-AR-LBD,MATS8d,6
NR-AR-LBD,AATSC4v,6
NR-AR-LBD,Xc-3dv,6
NR-AR-LBD,AATSC6dv,6
NR-AR-LBD,AATSC6se,6
NR-AR-LBD,AATSC2dv,6
NR-AR-LBD,ATSC2c,6
NR-AR-LBD,GATS5pe,6
NR-AR-LBD,AATSC8c,6
NR-AR-LBD,ATSC3i,6
NR-AR-LBD,BIC2,6
NR-AR-LBD,ATSC7d,6
NR-AR-LBD,AMID_O,6
NR-AR-LBD,ATSC4Z,6
NR-AR-LBD,SMR_VSA6,6
NR-AR-LBD,MATS5d,6
NR-AR-LBD,AATS4v,6
NR-AR-LBD,VE1_A,6
NR-AR-LBD,ATSC5v,6
NR-AR-LBD,ETA_shape_y,6
NR-AR-LBD,ATSC5s,6
NR-AR-LBD,AATSC4pe,6
NR-AR-LBD,MATS7c,6
NR-AR-LBD,AXp-6dv,6
NR-AR-LBD,AXp-5dv,6
NR-AR-LBD,AATS7p,6
NR-AR-LBD,AATS0dv,6
NR-AR-LBD,AATS3i,6
NR-AR-LBD,BCUTv-1h,6
NR-AR-LBD,ATSC8dv,6
NR-AR-LBD,AATS0d,6
NR-AR-LBD,MATS7are,6
NR-AR-LBD,JGI8,6
NR-AR-LBD,ZMIC3,6
NR-AR-LBD,BCUTpe-1h,6
NR-AR-LBD,GATS7s,6
NR-AR-LBD,MATS8s,6
NR-AR-LBD,MATS1s,6
NR-AR-LBD,AATSC3are,6
NR-AR-LBD,MATS3c,6
NR-AR-LBD,MATS3are,5
NR-AR-LBD,VSA_EState3,5
NR-AR-LBD,MDEO-11,5
NR-AR-LBD,AETA_eta,5
NR-AR-LBD,AATS4are,5
NR-AR-LBD,MID_N,5
NR-AR-LBD,AATS6pe,5
NR-AR-LBD,MDEC-23,5
NR-AR-LBD,NdssC,5
NR-AR-LBD,MATS7d,5
NR-AR-LBD,BCUTm-1l,5
NR-AR-LBD,AATSC8se,5
NR-AR-LBD,ATSC3se,5
NR-AR-LBD,AATS8p,5
NR-AR-LBD,AATS3d,5
NR-AR-LBD,AATS6dv,5
NR-AR-LBD,JGI3,5
NR-AR-LBD,BalabanJ,5
NR-AR-LBD,ETA_epsilon_1,5
NR-AR-LBD,FilterItLogS,5
NR-AR-LBD,Xp-6dv,5
NR-AR-LBD,AXp-6d,5
NR-AR-LBD,Kier3,5
NR-AR-LBD,MATS7m,5
NR-AR-LBD,MINdssC,5
NR-AR-LBD,ATSC7are,5
NR-AR-LBD,CIC5,5
NR-AR-LBD,ATSC6p,5
NR-AR-LBD,GATS1se,5
NR-AR-LBD,ATSC2dv,5
NR-AR-LBD,BIC5,5
NR-AR-LBD,GATS2p,5
NR-AR-LBD,GATS8i,5
NR-AR-LBD,EState_VSA5,5
NR-AR-LBD,GATS6d,5
NR-AR-LBD,JGT10,5
NR-AR-LBD,MATS8i,5
NR-AR-LBD,AATSC4dv,5
NR-AR-LBD,BCUTp-1h,5
NR-AR-LBD,AATS6m,5
NR-AR-LBD,AATS0p,5
NR-AR-LBD,n6Ring,5
NR-AR-LBD,SssCH2,5
NR-AR-LBD,AATSC3se,5
NR-AR-LBD,AATS6d,5
NR-AR-LBD,TIC2,5
NR-AR-LBD,AETA_eta_F,5
NR-AR-LBD,MATS7s,5
NR-AR-LBD,AATS4i,4
NR-AR-LBD,SMR_VSA5,4
NR-AR-LBD,nAcid,4
NR-AR-LBD,SIC3,4
NR-AR-LBD,MATS3m,4
NR-AR-LBD,MATS5se,4
NR-AR-LBD,SlogP_VSA3,4
NR-AR-LBD,ETA_psi_1,4
NR-AR-LBD,AATS7i,4
NR-AR-LBD,MAXaasC,4
NR-AR-LBD,ETA_dEpsilon_C,4
NR-AR-LBD,MATS4s,4
NR-AR-LBD,AATS1p,4
NR-AR-LBD,ZMIC2,4
NR-AR-LBD,MATS3v,4
NR-AR-LBD,ATSC2d,4
NR-AR-LBD,MATS2pe,4
NR-AR-LBD,GATS4v,4
NR-AR-LBD,GATS5se,4
NR-AR-LBD,GATS7dv,4
NR-AR-LBD,AATS1Z,4
NR-AR-LBD,AATSC0i,4
NR-AR-LBD,AATSC3s,4
NR-AR-LBD,GATS7se,4
NR-AR-LBD,AATSC2s,4
NR-AR-LBD,SpMAD_Dzp,4
NR-AR-LBD,ATSC7se,4
NR-AR-LBD,GATS5s,4
NR-AR-LBD,GATS4dv,4
NR-AR-LBD,ATS2i,4
NR-AR-LBD,GATS4se,4
NR-AR-LBD,SZ,4
NR-AR-LBD,VSA_EState7,4
NR-AR-LBD,MATS6c,4
NR-AR-LBD,Xp-2dv,4
NR-AR-LBD,MATS4c,4
NR-AR-LBD,ATSC2i,4
NR-AR-LBD,SM1_Dzi,4
NR-AR-LBD,GATS6dv,4
NR-AR-LBD,MATS4dv,4
NR-AR-LBD,MATS8dv,4
NR-AR-LBD,ATSC2s,4
NR-AR-LBD,ATSC3s,4
NR-AR-LBD,MDEO-12,4
NR-AR-LBD,AATS4pe,4
NR-AR-LBD,ATSC2Z,4
NR-AR-LBD,NdCH2,4
NR-AhR,SLogP,184
NR-AhR,MDEC-22,133
NR-AhR,GATS1d,127
NR-AhR,BCUTd-1l,122
NR-AhR,AATSC4p,120
NR-AhR,ATSC8d,106
NR-AhR,GATS4d,105
NR-AhR,GATS4s,103
NR-AhR,SaaaC,95
NR-AhR,GATS2d,93
NR-AhR,GATS5Z,92
NR-AhR,VSA_EState4,92
NR-AhR,GATS4c,90
NR-AhR,GATS2c,90
NR-AhR,GATS5p,86
NR-AhR,Xch-7d,85
NR-AhR,ETA_epsilon_5,85
NR-AhR,MATS4i,85
NR-AhR,MDEC-23,85
NR-AhR,GATS3c,84
NR-AhR,AMID_N,84
NR-AhR,AATSC3c,82
NR-AhR,EState_VSA2,82
NR-AhR,GATS5m,81
NR-AhR,SlogP_VSA10,80
NR-AhR,MATS3i,79
NR-AhR,MATS2Z,78
NR-AhR,BCUTc-1l,78
NR-AhR,MATS1v,77
NR-AhR,BCUTi-1l,77
NR-AhR,MDEC-11,77
NR-AhR,GATS3s,76
NR-AhR,AATSC7dv,73
NR-AhR,AATSC6s,73
NR-AhR,SlogP_VSA1,72
NR-AhR,GATS8d,72
NR-AhR,GATS3p,71
NR-AhR,AATSC0v,71
NR-AhR,GATS1dv,70
NR-AhR,AATS1i,70
NR-AhR,ATSC2se,69
NR-AhR,MINaasC,69
NR-AhR,AATS8d,68
NR-AhR,ATSC6d,67
NR-AhR,EState_VSA6,67
NR-AhR,MATS1d,67
NR-AhR,GATS8m,67
NR-AhR,MDEC-13,67
NR-AhR,AATSC1v,67
NR-AhR,ATSC4c,65
NR-AhR,MATS2se,65
NR-AhR,MAXdssC,65
NR-AhR,GATS2i,65
NR-AhR,SlogP_VSA3,65
NR-AhR,AATSC5dv,65
NR-AhR,ATSC5c,65
NR-AhR,MATS2c,64
NR-AhR,AATSC4i,63
NR-AhR,MINdssC,62
NR-AhR,GATS8Z,62
NR-AhR,AATS8m,61
NR-AhR,ATSC1c,61
NR-AhR,AATSC3i,61
NR-AhR,GATS6m,60
NR-AhR,MATS1p,60
NR-AhR,AATSC1dv,60
NR-AhR,AATSC6i,59
NR-AhR,GATS8c,58
NR-AhR,ATSC5p,58
NR-AhR,GATS6c,58
NR-AhR,PEOE_VSA8,57
NR-AhR,AATSC6m,57
NR-AhR,AATSC8c,57
NR-AhR,MATS2d,57
NR-AhR,MATS5c,56
NR-AhR,AATS8i,56
NR-AhR,MATS6c,56
NR-AhR,GATS3are,56
NR-AhR,AATSC4d,55
NR-AhR,MINaaaC,55
NR-AhR,MINssCH2,55
NR-AhR,AATSC0i,55
NR-AhR,JGI5,54
NR-AhR,PEOE_VSA7,54
NR-AhR,MATS6i,53
NR-AhR,GATS7c,53
NR-AhR,PEOE_VSA6,53
NR-AhR,AATSC3v,53
NR-AhR,ATSC1v,53
NR-AhR,GATS5pe,52
NR-AhR,SMR_VSA7,52
NR-AhR,MATS3c,52
NR-AhR,AATSC2p,52
NR-AhR,MAXssCH2,51
NR-AhR,ATSC6i,51
NR-AhR,EState_VSA5,51
NR-AhR,ATSC3are,51
NR-AhR,MATS4are,51
NR-AhR,GGI7,51
NR-AhR,BCUTi-1h,51
NR-AhR,AATS5i,51
NR-AhR,MATS2m,50
NR-AhR,AATSC3pe,50
NR-AhR,ETA_shape_y,49
NR-AhR,ATSC7c,49
NR-AhR,GATS5c,49
NR-AhR,MATS7dv,49
NR-AhR,MATS3are,49
NR-AhR,MATS7d,49
NR-AhR,ATSC7se,49
NR-AhR,AATSC8d,48
NR-AhR,MINsOH,48
NR-AhR,ATSC0c,48
NR-AhR,GATS6Z,48
NR-AhR,MAXaaaC,48
NR-AhR,MATS3pe,48
NR-AhR,GATS4p,48
NR-AhR,GATS6i,47
NR-AhR,AATSC6d,47
NR-AhR,AATSC8dv,47
NR-AhR,MID_N,47
NR-AhR,GATS1pe,47
NR-AhR,BIC3,47
NR-AhR,MATS4p,47
NR-AhR,GATS3d,46
NR-AhR,ETA_dEpsilon_C,46
NR-AhR,BCUTse-1l,46
NR-AhR,ATSC6dv,46
NR-AhR,ATSC8i,46
NR-AhR,ETA_epsilon_4,46
NR-AhR,VSA_EState3,46
NR-AhR,AATSC1p,45
NR-AhR,ATSC4s,45
NR-AhR,SlogP_VSA2,45
NR-AhR,RPCG,45
NR-AhR,MINdsCH,45
NR-AhR,ETA_dEpsilon_B,45
NR-AhR,GATS4i,44
NR-AhR,EState_VSA8,44
NR-AhR,AATS5p,43
NR-AhR,GATS7dv,43
NR-AhR,GATS1p,43
NR-AhR,ATSC3c,43
NR-AhR,JGI9,42
NR-AhR,JGI8,42
NR-AhR,ATSC4v,42
NR-AhR,MATS4s,42
NR-AhR,MATS3v,42
NR-AhR,Xch-5dv,42
NR-AhR,GATS1c,42
NR-AhR,MATS2i,42
NR-AhR,GATS7v,42
NR-AhR,GATS6se,42
NR-AhR,AATSC7i,41
NR-AhR,AATSC1i,41
NR-AhR,C2SP2,41
NR-AhR,AATSC5pe,40
NR-AhR,AATSC4c,40
NR-AhR,MATS3s,40
NR-AhR,ETA_eta_B,40
NR-AhR,MATS1c,40
NR-AhR,AATSC5i,40
NR-AhR,AATSC3dv,40
NR-AhR,GATS3i,40
NR-AhR,HybRatio,40
NR-AhR,GATS3v,39
NR-AhR,MINssNH,39
NR-AhR,MATS8dv,39
NR-AhR,AATSC7d,39
NR-AhR,MINssO,39
NR-AhR,ATSC3v,39
NR-AhR,AATSC2c,39
NR-AhR,AETA_beta_ns_d,39
NR-AhR,ATSC1s,39
NR-AhR,AXp-1d,39
NR-AhR,GATS7d,39
NR-AhR,ATSC6s,38
NR-AhR,AATSC0se,38
NR-AhR,GATS4dv,38
NR-AhR,AATSC4se,38
NR-AhR,ATSC2s,38
NR-AhR,VSA_EState5,38
NR-AhR,GATS8v,37
NR-AhR,fMF,37
NR-AhR,MATS2s,37
NR-AhR,MATS4c,37
NR-AhR,MINsCH3,37
NR-AhR,AATSC3s,37
NR-AhR,MAXsCH3,37
NR-AhR,AATSC7v,37
NR-AhR,AXp-0dv,37
NR-AhR,ATSC3i,37
NR-AhR,ATSC3s,37
NR-AhR,SIC3,37
NR-AhR,GATS8p,36
NR-AhR,MAXaaNH,36
NR-AhR,ATSC4i,36
NR-AhR,GATS8pe,36
NR-AhR,MDEO-11,36
NR-AhR,AATSC5c,36
NR-AhR,ATSC4p,36
NR-AhR,BCUTp-1l,36
NR-AhR,BCUTp-1h,36
NR-AhR,SIC1,35
NR-AhR,AATSC2d,35
NR-AhR,MATS8c,35
NR-AhR,GATS4se,35
NR-AhR,GATS3pe,35
NR-AhR,MATS3m,35
NR-AhR,ATSC3se,35
NR-AhR,AATSC0c,34
NR-AhR,ATSC8c,34
NR-AhR,RotRatio,34
NR-AhR,SpMAD_A,34
NR-AhR,ATSC7s,34
NR-AhR,MATS8i,34
NR-AhR,SlogP_VSA8,34
NR-AhR,GATS5dv,34
NR-AhR,AATS6p,34
NR-AhR,AATSC5v,34
NR-AhR,MINdO,34
NR-AhR,MATS8d,34
NR-AhR,nBase,34
NR-AhR,ATSC1p,33
NR-AhR,ATSC5i,33
NR-AhR,ATSC3pe,33
NR-AhR,ATSC7Z,33
NR-AhR,AATS5v,33
NR-AhR,MATS6Z,33
NR-AhR,AETA_eta,33
NR-AhR,MATS1i,33
NR-AhR,SM1_Dzp,33
NR-AhR,MAXssNH,33
NR-AhR,GATS1are,33
NR-AhR,EState_VSA7,32
NR-AhR,MATS4v,32
NR-AhR,ATSC5d,32
NR-AhR,MDEC-12,32
NR-AhR,RNCG,32
NR-AhR,AETA_beta,32
NR-AhR,AATS5dv,32
NR-AhR,GATS7m,32
NR-AhR,JGI7,32
NR-AhR,MAXsOH,32
NR-AhR,ATSC2i,31
NR-AhR,BCUTdv-1l,31
NR-AhR,MATS3Z,31
NR-AhR,BIC4,31
NR-AhR,MATS5v,31
NR-AhR,AATSC6c,31
NR-AhR,AXp-2d,31
NR-AhR,AATSC3d,31
NR-AhR,MATS2dv,31
NR-AhR,GATS8se,31
NR-AhR,MDEN-23,31
NR-AhR,MATS1s,31
NR-AhR,GATS1se,31
NR-AhR,GATS2se,31
NR-AhR,MATS2pe,31
NR-AhR,BCUTm-1l,30
NR-AhR,MDEO-12,30
NR-AhR,GATS8s,30
NR-AhR,GATS5i,30
NR-AhR,MAXssO,30
NR-AhR,GATS7i,30
NR-AhR,MAXdO,30
NR-AhR,AATSC5s,30
NR-AhR,MDEC-33,30
NR-AhR,MATS7c,30
NR-AhR,GATS2s,30
NR-AhR,AATSC3m,30
NR-AhR,MATS5dv,30
NR-AhR,GATS1m,30
NR-AhR,ATSC6c,30
NR-AhR,BCUTZ-1l,30
NR-AhR,MATS2v,30
NR-AhR,GATS5se,30
NR-AhR,MATS3dv,29
NR-AhR,GATS7Z,29
NR-AhR,GATS8are,29
NR-AhR,AATSC6p,29
NR-AhR,JGI3,29
NR-AhR,BCUTare-1l,29
NR-AhR,MAXaaCH,29
NR-AhR,MATS6dv,29
NR-AhR,ATSC2c,29
NR-AhR,ATSC8Z,29
NR-AhR,AATS7p,29
NR-AhR,AATSC4are,29
NR-AhR,AATSC5p,29
NR-AhR,MATS6se,28
NR-AhR,MAXaasC,28
NR-AhR,ATSC7d,28
NR-AhR,GATS2are,28
NR-AhR,AATS8Z,28
NR-AhR,SdO,28
NR-AhR,ATSC5s,28
NR-AhR,AXp-7dv,28
NR-AhR,GATS4Z,28
NR-AhR,VSA_EState8,28
NR-Aromatase,SLogP,39
NR-Aromatase,SlogP_VSA2,37
NR-Aromatase,AETA_beta_s,36
NR-Aromatase,GATS6c,35
NR-Aromatase,GATS8i,34
NR-Aromatase,VSA_EState7,33
NR-Aromatase,MDEC-22,32
NR-Aromatase,GATS3c,31
NR-Aromatase,EState_VSA2,30
NR-Aromatase,EState_VSA5,29
NR-Aromatase,GATS3dv,29
NR-Aromatase,EState_VSA4,29
NR-Aromatase,PEOE_VSA10,29
NR-Aromatase,BCUTd-1h,29
NR-Aromatase,MATS4c,28
NR-Aromatase,AATSC1m,28
NR-Aromatase,MDEC-12,27
NR-Aromatase,MATS4se,27
NR-Aromatase,ETA_shape_p,27
NR-Aromatase,AATS1i,26
NR-Aromatase,MINdssC,26
NR-Aromatase,MAXssO,25
NR-Aromatase,MATS6v,25
NR-Aromatase,GATS6s,25
NR-Aromatase,GATS3d,25
NR-Aromatase,GATS7d,24
NR-Aromatase,ATSC4d,23
NR-Aromatase,MINssCH2,23
NR-Aromatase,ETA_shape_y,23
NR-Aromatase,MAXdssC,23
NR-Aromatase,ATSC1are,23
NR-Aromatase,GATS7c,23
NR-Aromatase,MATS8c,22
NR-Aromatase,AATSC8c,22
NR-Aromatase,BCUTc-1h,22
NR-Aromatase,ATSC2d,22
NR-Aromatase,AATSC4dv,22
NR-Aromatase,AATS7p,22
NR-Aromatase,MDEC-33,22
NR-Aromatase,GATS5Z,22
NR-Aromatase,GATS4p,21
NR-Aromatase,JGI3,21
NR-Aromatase,MATS3s,20
NR-Aromatase,GATS5i,20
NR-Aromatase,MATS3dv,20
NR-Aromatase,ATSC8v,20
NR-Aromatase,SlogP_VSA5,19
NR-Aromatase,MDEC-23,19
NR-Aromatase,ATS0s,19
NR-Aromatase,ZMIC1,18
NR-Aromatase,ATSC2i,18
NR-Aromatase,AATSC3c,18
NR-Aromatase,AATS2d,18
NR-Aromatase,AATSC8pe,18
NR-Aromatase,AATSC0c,18
NR-Aromatase,GATS6d,17
NR-Aromatase,AATS4p,17
NR-Aromatase,AATS8p,17
NR-Aromatase,MATS7i,17
NR-Aromatase,MIC5,17
NR-Aromatase,ATSC3se,17
NR-Aromatase,AATS1are,17
NR-Aromatase,GATS4c,17
NR-Aromatase,VR2_A,17
NR-Aromatase,VSA_EState2,17
NR-Aromatase,PEOE_VSA6,17
NR-Aromatase,PEOE_VSA8,17
NR-Aromatase,CIC3,17
NR-Aromatase,AATSC7d,16
NR-Aromatase,ATSC5p,16
NR-Aromatase,AXp-5dv,16
NR-Aromatase,ATSC1s,16
NR-Aromatase,ATSC4p,16
NR-Aromatase,ATSC8p,15
NR-Aromatase,ATSC5c,15
NR-Aromatase,AATS5are,15
NR-Aromatase,CIC1,15
NR-Aromatase,ETA_epsilon_5,15
NR-Aromatase,GATS2se,15
NR-Aromatase,AATSC6v,15
NR-Aromatase,MATS8d,15
NR-Aromatase,ZMIC5,15
NR-Aromatase,AXp-1d,15
NR-Aromatase,BIC1,15
NR-Aromatase,AATSC5i,15
NR-Aromatase,MATS1m,15
NR-Aromatase,MDEC-24,14
NR-Aromatase,MATS7c,14
NR-Aromatase,BCUTm-1l,14
NR-Aromatase,AATSC3dv,14
NR-Aromatase,RNCG,14
NR-Aromatase,GATS6i,14
NR-Aromatase,AATSC2s,14
NR-Aromatase,MATS7p,14
NR-Aromatase,SaasC,14
NR-Aromatase,AATS8i,14
NR-Aromatase,ATSC5d,14
NR-Aromatase,GATS8c,14
NR-Aromatase,ATSC4i,13
NR-Aromatase,MATS8s,13
NR-Aromatase,BCUTd-1l,13
NR-Aromatase,ATSC2c,13
NR-Aromatase,AATSC8dv,13
NR-Aromatase,MATS5d,13
NR-Aromatase,AATS2se,13
NR-Aromatase,ZMIC3,13
NR-Aromatase,GATS6p,13
NR-Aromatase,GATS4s,13
NR-Aromatase,GATS5p,13
NR-Aromatase,ATSC4pe,13
NR-Aromatase,ATSC4c,13
NR-Aromatase,MAXdO,13
NR-Aromatase,AATS1v,13
NR-Aromatase,ATSC6p,13
NR-Aromatase,GATS5m,13
NR-Aromatase,MATS3se,13
NR-Aromatase,AXp-7dv,13
NR-Aromatase,MIC4,12
NR-Aromatase,ATSC7se,12
NR-Aromatase,AATS3p,12
NR-Aromatase,AATS1p,12
NR-Aromatase,ATSC8s,12
NR-Aromatase,ATSC3c,12
NR-Aromatase,SpMAD_Dzse,12
NR-Aromatase,GATS4d,12
NR-Aromatase,GATS3se,12
NR-Aromatase,MATS3c,12
NR-Aromatase,AATSC7c,12
NR-Aromatase,MATS7pe,12
NR-Aromatase,MINsNH2,12
NR-Aromatase,MATS8are,12
NR-Aromatase,MATS3p,12
NR-Aromatase,GATS5c,12
NR-Aromatase,GATS6dv,12
NR-Aromatase,MATS7d,12
NR-Aromatase,MATS1s,12
NR-Aromatase,AATSC2d,12
NR-Aromatase,GATS6se,12
NR-Aromatase,AATSC1s,12
NR-Aromatase,BCUTZ-1l,12
NR-Aromatase,AATSC7dv,12
NR-Aromatase,SpMAD_A,11
NR-Aromatase,ATSC5v,11
NR-Aromatase,ATSC3dv,11
NR-Aromatase,ATSC4dv,11
NR-Aromatase,ATSC7dv,11
NR-Aromatase,GATS5s,11
NR-Aromatase,VSA_EState4,11
NR-Aromatase,BCUTdv-1l,11
NR-Aromatase,ATSC1p,11
NR-Aromatase,ATSC2are,11
NR-Aromatase,ATSC0s,11
NR-Aromatase,AATSC5c,11
NR-Aromatase,MATS4s,11
NR-Aromatase,AATSC5p,11
NR-Aromatase,AATS7i,11
NR-Aromatase,ATSC1v,11
NR-Aromatase,AATSC5are,11
NR-Aromatase,ATSC1i,11
NR-Aromatase,MINdO,11
NR-Aromatase,AATS3i,11
NR-Aromatase,AATS4i,11
NR-Aromatase,AATSC0p,11
NR-Aromatase,AETA_eta_R,11
NR-Aromatase,AATSC4v,11
NR-Aromatase,MINssNH,11
NR-Aromatase,MATS1dv,11
NR-Aromatase,AATSC2i,11
NR-Aromatase,AATSC4i,11
NR-Aromatase,BIC3,11
NR-Aromatase,FilterItLogS,11
NR-Aromatase,MINdsCH,11
NR-Aromatase,AATSC3s,10
NR-Aromatase,AATSC5s,10
NR-Aromatase,GATS7pe,10
NR-Aromatase,BIC2,10
NR-Aromatase,GATS8pe,10
NR-Aromatase,MID_N,10
NR-Aromatase,AATSC5dv,10
NR-Aromatase,GATS1se,10
NR-Aromatase,GATS4are,10
NR-Aromatase,MATS6d,10
NR-Aromatase,GATS8d,10
NR-Aromatase,GATS6m,10
NR-Aromatase,SsCH3,10
NR-Aromatase,VSA_EState5,10
NR-Aromatase,GATS1s,10
NR-Aromatase,EState_VSA9,10
NR-Aromatase,GATS8dv,10
NR-Aromatase,MATS8i,10
NR-Aromatase,MATS5i,10
NR-Aromatase,MAXsNH2,10
NR-Aromatase,MAXaaN,10
NR-Aromatase,MINaaCH,10
NR-Aromatase,ATSC4v,10
NR-Aromatase,BCUTse-1l,10
NR-Aromatase,ATSC4s,10
NR-Aromatase,JGI5,10
NR-Aromatase,AATS7d,10
NR-Aromatase,ATSC8Z,10
NR-Aromatase,ATSC2dv,10
NR-Aromatase,ATSC6c,10
NR-Aromatase,ATS3p,10
NR-Aromatase,JGI7,9
NR-Aromatase,ATSC7m,9
NR-Aromatase,JGI2,9
NR-Aromatase,AATS2s,9
NR-Aromatase,VSA_EState6,9
NR-Aromatase,GATS3s,9
NR-Aromatase,MATS5s,9
NR-Aromatase,MINssO,9
NR-Aromatase,GGI4,9
NR-Aromatase,AATSC6p,9
NR-Aromatase,GATS8s,9
NR-Aromatase,AATSC7p,9
NR-Aromatase,AATSC1i,9
NR-Aromatase,MINsCH3,9
NR-Aromatase,MATS1p,9
NR-Aromatase,GATS4Z,9
NR-Aromatase,MATS1c,9
NR-Aromatase,MATS8se,9
NR-Aromatase,MAXsCH3,9
NR-Aromatase,MAXsssCH,9
NR-Aromatase,ATSC8c,9
NR-Aromatase,PEOE_VSA3,9
NR-Aromatase,MAXsssN,9
NR-Aromatase,MATS4dv,9
NR-Aromatase,ATSC7i,9
NR-Aromatase,MATS8Z,9
NR-Aromatase,AATS2i,9
NR-Aromatase,MIC1,9
NR-Aromatase,AATSC1are,9
NR-Aromatase,ATSC0dv,9
NR-Aromatase,AATSC4se,9
NR-Aromatase,AATSC3se,9
NR-Aromatase,GATS7v,9
NR-Aromatase,AATSC5se,9
NR-Aromatase,GATS1p,9
NR-Aromatase,AATS5v,9
NR-Aromatase,BCUTv-1l,9
NR-Aromatase,GATS8Z,9
NR-Aromatase,AATS8Z,9
NR-Aromatase,AATSC8d,9
NR-Aromatase,ATSC2v,9
NR-Aromatase,GATS4i,9
NR-Aromatase,AATS8dv,8
NR-Aromatase,BCUTpe-1l,8
NR-Aromatase,AATSC8i,8
NR-Aromatase,IC1,8
NR-Aromatase,MATS5pe,8
NR-Aromatase,MATS2c,8
NR-Aromatase,ATSC0i,8
NR-Aromatase,ATS0dv,8
NR-Aromatase,AATSC1dv,8
NR-Aromatase,SlogP_VSA6,8
NR-Aromatase,MATS2dv,8
NR-Aromatase,SlogP_VSA1,8
NR-Aromatase,TopoPSA,8
NR-Aromatase,AATSC8s,8
NR-Aromatase,GATS2i,8
NR-Aromatase,ZMIC2,8
NR-Aromatase,MATS1Z,8
NR-Aromatase,AATS8are,8
NR-Aromatase,AATSC2c,8
NR-Aromatase,BIC5,8
NR-Aromatase,AATS7dv,8
NR-Aromatase,ZMIC0,8
NR-Aromatase,ZMIC4,8
NR-Aromatase,GATS7i,8
NR-Aromatase,ATSC6i,8
NR-Aromatase,MATS5dv,8
NR-Aromatase,TpiPC10,8
NR-Aromatase,VE1_A,8
NR-Aromatase,ATSC3i,8
NR-Aromatase,PEOE_VSA1,8
NR-Aromatase,MATS8pe,8
NR-Aromatase,ATS6s,8
NR-Aromatase,JGI8,8
NR-Aromatase,GATS8m,8
NR-Aromatase,AETA_eta_L,8
NR-Aromatase,JGI4,8
NR-Aromatase,MINaasN,8
NR-Aromatase,GATS1c,8
NR-Aromatase,ETA_epsilon_2,8
NR-Aromatase,AATSC4d,8
NR-Aromatase,AATS7v,8
NR-Aromatase,GATS5se,8
NR-Aromatase,SsssN,8
NR-Aromatase,AATS6Z,8
NR-Aromatase,MATS4i,8
NR-Aromatase,JGI9,8
NR-Aromatase,MATS2i,8
NR-Aromatase,GATS5d,8
NR-Aromatase,EState_VSA8,8
NR-Aromatase,MATS8p,8
NR-Aromatase,GATS7se,8
NR-Aromatase,GATS4pe,8
NR-Aromatase,AATS7s,8
NR-Aromatase,EState_VSA3,8
NR-Aromatase,GATS2s,8
NR-ER,RPCG,18
NR-ER,BIC2,18
NR-ER,MDEO-11,18
NR-ER,MATS3d,17
NR-ER,GATS3pe,16
NR-ER,GATS4s,16
NR-ER,ZMIC1,15
NR-ER,AATSC5d,15
NR-ER,ATSC6c,15
NR-ER,GATS6i,15
NR-ER,GATS2c,15
NR-ER,JGI1,15
NR-ER,AATSC4i,14
NR-ER,MATS3c,13
NR-ER,MATS6c,13
NR-ER,GATS5v,13
NR-ER,VSA_EState8,13
NR-ER,MAXaasC,13
NR-ER,GATS8c,13
NR-ER,MATS8d,13
NR-ER,MATS6i,13
NR-ER,ATSC4p,13
NR-ER,GATS1are,12
NR-ER,MATS1s,12
NR-ER,GATS4d,12
NR-ER,ATSC7v,12
NR-ER,GATS7s,12
NR-ER,GATS6d,12
NR-ER,SLogP,12
NR-ER,AATSC3d,12
NR-ER,BCUTd-1l,12
NR-ER,AATS8i,12
NR-ER,GATS8i,12
NR-ER,GATS5c,11
NR-ER,GATS2se,11
NR-ER,MATS4dv,11
NR-ER,MATS5c,11
NR-ER,ATSC5m,11
NR-ER,SIC0,11
NR-ER,ATSC5c,11
NR-ER,MAXaaCH,11
NR-ER,PEOE_VSA9,11
NR-ER,PEOE_VSA7,11
NR-ER,GATS2dv,11
NR-ER,AATS7p,11
NR-ER,GATS2Z,10
NR-ER,MATS5d,10
NR-ER,ATSC6are,10
NR-ER,GATS8m,10
NR-ER,GATS6Z,10
NR-ER,GATS7c,10
NR-ER,AATS8d,10
NR-ER,MAXsCH3,10
NR-ER,SIC2,10
NR-ER,RNCG,10
NR-ER,AATSC5c,10
NR-ER,MDEC-22,10
NR-ER,BCUTm-1l,10
NR-ER,GATS5pe,10
NR-ER,GATS1p,10
NR-ER,ATSC3dv,10
NR-ER,AATSC8i,9
NR-ER,MATS6v,9
NR-ER,GATS2d,9
NR-ER,ATSC7c,9
NR-ER,JGI9,9
NR-ER,MINsssCH,9
NR-ER,VSA_EState7,9
NR-ER,GATS4c,9
NR-ER,BCUTc-1h,9
NR-ER,GATS1c,9
NR-ER,AATSC0i,9
NR-ER,AATS6i,9
NR-ER,BIC5,9
NR-ER,CIC2,9
NR-ER,AATSC2c,9
NR-ER,AATSC4c,9
NR-ER,GATS3p,9
NR-ER,ATSC2c,9
NR-ER,MATS3se,9
NR-ER,GATS8p,9
NR-ER,GATS4i,9
NR-ER,EState_VSA4,9
NR-ER,AXp-3dv,9
NR-ER,JGI4,9
NR-ER,EState_VSA8,9
NR-ER,AATS4d,9
NR-ER,GATS5se,9
NR-ER,GATS3se,9
NR-ER,GATS2s,9
NR-ER,MINdO,9
NR-ER,ATSC8v,9
NR-ER,MAXssNH,9
NR-ER,MINsCH3,8
NR-ER,MATS2d,8
NR-ER,AATSC6c,8
NR-ER,GATS2p,8
NR-ER,FilterItLogS,8
NR-ER,GATS1s,8
NR-ER,GATS4m,8
NR-ER,GATS6m,8
NR-ER,AATSC1Z,8
NR-ER,GATS7m,8
NR-ER,MDEC-33,8
NR-ER,MATS4s,8
NR-ER,EState_VSA5,8
NR-ER,AATSC0v,8
NR-ER,MATS4se,8
NR-ER,MAXsOH,8
NR-ER,MATS8s,8
NR-ER,ATSC5v,8
NR-ER,ATSC4s,8
NR-ER,JGI6,8
NR-ER,MATS3dv,8
NR-ER,GATS4dv,8
NR-ER,GATS3dv,8
NR-ER,ATSC2i,8
NR-ER,MATS4m,8
NR-ER,GATS3v,8
NR-ER,GATS8s,8
NR-ER,MATS1Z,8
NR-ER,AATSC3are,7
NR-ER,GATS2i,7
NR-ER,MATS8dv,7
NR-ER,AATSC1i,7
NR-ER,GATS3i,7
NR-ER,MATS4c,7
NR-ER,piPC10,7
NR-ER,SaaCH,7
NR-ER,ATSC5dv,7
NR-ER,AATSC8se,7
NR-ER,AATSC3pe,7
NR-ER,AATS6v,7
NR-ER,MATS2v,7
NR-ER,AATS1dv,7
NR-ER,AMID_C,7
NR-ER,ATSC7dv,7
NR-ER,MATS4d,7
NR-ER,AATSC8pe,7
NR-ER,GATS5dv,7
NR-ER,GATS4Z,7
NR-ER,GATS7are,7
NR-ER,ATSC7i,7
NR-ER,MINssCH2,7
NR-ER,JGI8,7
NR-ER,ETA_shape_y,7
NR-ER,TopoShapeIndex,7
NR-ER,AATSC2v,7
NR-ER,AETA_beta_ns_d,7
NR-ER,GATS4are,7
NR-ER,GATS6s,7
NR-ER,AATS5i,7
NR-ER,MATS8i,7
NR-ER,ATSC3i,7
NR-ER,JGI3,7
NR-ER,MATS6p,7
NR-ER,ATSC3c,7
NR-ER,ATSC4se,7
NR-ER,GATS1se,7
NR-ER,GATS5m,7
NR-ER,GATS7v,7
NR-ER,MATS2p,7
NR-ER,MATS1p,7
NR-ER,ATSC4pe,7
NR-ER,MATS8c,6
NR-ER,ATSC1i,6
NR-ER,MATS6dv,6
NR-ER,MAXsssN,6
NR-ER,ATSC8dv,6
NR-ER,EState_VSA9,6
NR-ER,AATS2i,6
NR-ER,MAXdssC,6
NR-ER,AATSC6i,6
NR-ER,BIC4,6
NR-ER,AATSC8are,6
NR-ER,AATSC7are,6
NR-ER,AATSC1d,6
NR-ER,ATSC3pe,6
NR-ER,AATSC4s,6
NR-ER,AATS7se,6
NR-ER,AATSC1m,6
NR-ER,SlogP_VSA8,6
NR-ER,AATSC3m,6
NR-ER,AATSC6m,6
NR-ER,MDEC-12,6
NR-ER,PEOE_VSA8,6
NR-ER,AATSC5p,6
NR-ER,MATS5are,6
NR-ER,GATS3Z,6
NR-ER,GATS6se,6
NR-ER,GATS3s,6
NR-ER,GGI8,6
NR-ER,GATS3c,6
NR-ER,GATS5p,6
NR-ER,GATS5d,6
NR-ER,MATS8v,6
NR-ER,GATS8are,6
NR-ER,GATS7dv,6
NR-ER,GATS7Z,6
NR-ER,GATS8dv,6
NR-ER,GATS3m,6
NR-ER,AATS1s,6
NR-ER,MATS3v,6
NR-ER,GATS2are,6
NR-ER,ETA_shape_p,5
NR-ER,PEOE_VSA2,5
NR-ER,MDEC-23,5
NR-ER,PEOE_VSA3,5
NR-ER,AATSC4d,5
NR-ER,AATSC6se,5
NR-ER,MATS7p,5
NR-ER,GATS8se,5
NR-ER,MATS3pe,5
NR-ER,GATS3d,5
NR-ER,GATS5s,5
NR-ER,Mp,5
NR-ER,AETA_eta,5
NR-ER,ATSC6i,5
NR-ER,AATSC6pe,5
NR-ER,GATS8Z,5
NR-ER,AATS8se,5
NR-ER,AATS4are,5
NR-ER,ATSC0are,5
NR-ER,AATSC4m,5
NR-ER,EState_VSA3,5
NR-ER,AXp-0dv,5
NR-ER,GATS1Z,5
NR-ER,ATSC6se,5
NR-ER,AATSC7d,5
NR-ER,ATSC5i,5
NR-ER,ATSC3se,5
NR-ER,AATSC3v,5
NR-ER,PEOE_VSA10,5
NR-ER,VSA_EState2,5
NR-ER,VSA_EState3,5
NR-ER,ATSC1se,5
NR-ER,MATS8se,5
NR-ER,MINdssC,5
NR-ER,MAXsssCH,5
NR-ER,MATS2Z,5
NR-ER,GATS4pe,5
NR-ER,AATS4m,5
NR-ER,MINsCl,5
NR-ER,AATS7dv,5
NR-ER,Xch-6d,5
NR-ER,AATS0d,5
NR-ER,ATSC6dv,5
NR-ER,MATS5dv,5
NR-ER,ZMIC3,5
NR-ER,MATS6s,5
NR-ER,AATS6d,5
NR-ER,MINsOH,5
NR-ER,AATS7d,5
NR-ER,ATSC2d,5
NR-ER,MATS3s,5
NR-ER,ATSC3d,5
NR-ER,MATS3m,5
NR-ER,MATS2m,5
NR-ER,AATS7s,5
NR-ER,ATSC6d,5
NR-ER,MAXssO,5
NR-ER,AATS1i,5
NR-ER,AMID,5
NR-ER,MID_C,5
NR-ER,AATS7i,5
NR-ER,GATS4p,5
NR-ER,AATSC4p,5
NR-ER,MAXssCH2,5
NR-ER,ATSC6s,5
NR-ER,ATSC4c,5
NR-ER,AATSC3dv,5
NR-ER,MATS1v,5
NR-ER,MAXdO,5
NR-ER,AATSC3c,4
NR-ER,BIC3,4
NR-ER,TIC0,4
NR-ER,MATS4i,4
NR-ER,GATS5Z,4
NR-ER,BIC1,4
NR-ER,SIC5,4
NR-ER,ATSC6p,4
NR-ER,GATS6dv,4
NR-ER,CIC5,4
NR-ER,AATS6s,4
NR-ER,AETA_dBeta,4
NR-ER,GATS1i,4
NR-ER,AATS5p,4
NR-ER,AATS6p,4
NR-ER,ATSC5Z,4
NR-ER,GATS6are,4
NR-ER,ATSC7s,4
NR-ER,GATS6p,4
NR-ER,VR2_A,4
NR-ER,SpMAD_A,4
NR-ER,JGT10,4
NR-ER,ATSC5s,4
NR-ER,BCUTc-1l,4
NR-ER,ATSC1dv,4
NR-ER,BCUTd-1h,4
NR-ER,ATSC2s,4
NR-ER-LBD,RPCG,74
NR-ER-LBD,MINdssC,73
NR-ER-LBD,JGI9,70
NR-ER-LBD,GATS2c,56
NR-ER-LBD,GATS7s,54
NR-ER-LBD,GATS6c,54
NR-ER-LBD,BCUTd-1l,54
NR-ER-LBD,JGI7,53
NR-ER-LBD,GATS3c,51
NR-ER-LBD,MDEO-11,51
NR-ER-LBD,MAXsOH,49
NR-ER-LBD,CIC3,49
NR-ER-LBD,MATS2c,48
NR-ER-LBD,MDEC-33,46
NR-ER-LBD,GATS8c,46
NR-ER-LBD,AATSC6c,46
NR-ER-LBD,GATS2s,46
NR-ER-LBD,GATS5c,45
NR-ER-LBD,ATSC4se,45
NR-ER-LBD,MATS8i,44
NR-ER-LBD,JGI3,44
NR-ER-LBD,GATS3v,43
NR-ER-LBD,AATS1i,42
NR-ER-LBD,MINsCH3,41
NR-ER-LBD,MDEC-13,41
NR-ER-LBD,GATS1s,40
NR-ER-LBD,MDEO-12,40
NR-ER-LBD,MAXsssCH,40
NR-ER-LBD,MATS1p,40
NR-ER-LBD,MINaasC,39
NR-ER-LBD,ATSC6c,39
NR-ER-LBD,PEOE_VSA8,39
NR-ER-LBD,EState_VSA9,39
NR-ER-LBD,ETA_alpha,39
NR-ER-LBD,GATS2se,39
NR-ER-LBD,AATS7i,39
NR-ER-LBD,MAXdsCH,38
NR-ER-LBD,GATS8d,37
NR-ER-LBD,MINsOH,37
NR-ER-LBD,GATS4p,37
NR-ER-LBD,BCUTi-1h,37
NR-ER-LBD,AATSC3s,37
NR-ER-LBD,GATS4c,37
NR-ER-LBD,MATS5c,36
NR-ER-LBD,BCUTv-1h,36
NR-ER-LBD,MATS3m,36
NR-ER-LBD,ETA_shape_p,36
NR-ER-LBD,BCUTc-1h,35
NR-ER-LBD,MATS1c,35
NR-ER-LBD,MATS1v,35
NR-ER-LBD,JGI4,35
NR-ER-LBD,PEOE_VSA6,34
NR-ER-LBD,ATSC8d,34
NR-ER-LBD,GATS1v,34
NR-ER-LBD,ATSC8dv,33
NR-ER-LBD,MATS4c,33
NR-ER-LBD,MAXsCH3,33
NR-ER-LBD,ATSC6se,33
NR-ER-LBD,ATSC3i,33
NR-ER-LBD,Kier3,33
NR-ER-LBD,ATSC3v,32
NR-ER-LBD,GATS7i,32
NR-ER-LBD,AATSC4se,32
NR-ER-LBD,RNCG,32
NR-ER-LBD,AATS2i,32
NR-ER-LBD,SMR_VSA9,32
NR-ER-LBD,MAXdssC,31
NR-ER-LBD,GATS3se,31
NR-ER-LBD,SLogP,31
NR-ER-LBD,AATS5i,31
NR-ER-LBD,MAXssCH2,31
NR-ER-LBD,PEOE_VSA10,31
NR-ER-LBD,ATSC5c,31
NR-ER-LBD,VSA_EState4,30
NR-ER-LBD,VSA_EState3,30
NR-ER-LBD,ATSC1v,30
NR-ER-LBD,AXp-0dv,30
NR-ER-LBD,MAXaaCH,29
NR-ER-LBD,ATSC2p,29
NR-ER-LBD,AXp-7dv,29
NR-ER-LBD,ATSC7i,29
NR-ER-LBD,ATSC4c,29
NR-ER-LBD,ATSC8c,29
NR-ER-LBD,MAXaasC,28
NR-ER-LBD,BCUTc-1l,28
NR-ER-LBD,MINssO,28
NR-ER-LBD,ATSC3se,28
NR-ER-LBD,BCUTare-1l,28
NR-ER-LBD,GATS8v,28
NR-ER-LBD,GATS2are,27
NR-ER-LBD,GATS4d,27
NR-ER-LBD,AATS4i,27
NR-ER-LBD,MATS4v,27
NR-ER-LBD,ATSC8i,27
NR-ER-LBD,MATS2p,27
NR-ER-LBD,ATSC2pe,27
NR-ER-LBD,MATS3Z,27
NR-ER-LBD,ATSC3s,27
NR-ER-LBD,AATS5p,26
NR-ER-LBD,AATS1dv,26
NR-ER-LBD,BIC2,26
NR-ER-LBD,MATS3i,26
NR-ER-LBD,GATS8s,26
NR-ER-LBD,ATSC1i,26
NR-ER-LBD,AATSC2c,26
NR-ER-LBD,MATS6s,26
NR-ER-LBD,GATS1c,26
NR-ER-LBD,MATS1dv,25
NR-ER-LBD,GATS4s,25
NR-ER-LBD,GATS6d,25
NR-ER-LBD,GATS6v,25
NR-ER-LBD,GATS5d,25
NR-ER-LBD,MATS3se,25
NR-ER-LBD,MDEC-22,25
NR-ER-LBD,AATSC6se,25
NR-ER-LBD,BCUTse-1l,25
NR-ER-LBD,ZMIC1,25
NR-ER-LBD,GATS2dv,25
NR-ER-LBD,AATS8i,25
NR-ER-LBD,BCUTi-1l,24
NR-ER-LBD,GATS3d,24
NR-ER-LBD,GATS7c,24
NR-ER-LBD,ATSC2d,24
NR-ER-LBD,GATS2pe,24
NR-ER-LBD,MINdO,24
NR-ER-LBD,ATSC5s,24
NR-ER-LBD,ATSC8v,24
NR-ER-LBD,AETA_eta_L,23
NR-ER-LBD,MDEC-23,23
NR-ER-LBD,ATSC7c,23
NR-ER-LBD,MATS1s,23
NR-ER-LBD,GATS2d,23
NR-ER-LBD,MATS2d,23
NR-ER-LBD,SlogP_VSA1,23
NR-ER-LBD,ETA_shape_y,23
NR-ER-LBD,MINdsCH,23
NR-ER-LBD,ATSC6d,23
NR-ER-LBD,PEOE_VSA11,23
NR-ER-LBD,ATSC5v,22
NR-ER-LBD,MATS6m,22
NR-ER-LBD,AATSC2s,22
NR-ER-LBD,GATS5Z,22
NR-ER-LBD,GATS3are,22
NR-ER-LBD,SIC2,22
NR-ER-LBD,AATSC2d,22
NR-ER-LBD,ETA_dEpsilon_C,22
NR-ER-LBD,MATS2i,22
NR-ER-LBD,AETA_eta_BR,22
NR-ER-LBD,EState_VSA4,22
NR-ER-LBD,GATS3pe,22
NR-ER-LBD,MATS3d,22
NR-ER-LBD,AATS8s,22
NR-ER-LBD,MDEO-22,22
NR-ER-LBD,GATS8i,22
NR-ER-LBD,AATS6i,21
NR-ER-LBD,MATS6c,21
NR-ER-LBD,ATSC4v,21
NR-ER-LBD,ATSC5d,21
NR-ER-LBD,BCUTZ-1l,21
NR-ER-LBD,ATSC7v,21
NR-ER-LBD,AATSC1s,21
NR-ER-LBD,PEOE_VSA9,21
NR-ER-LBD,GATS5dv,21
NR-ER-LBD,AATSC4c,21
NR-ER-LBD,AATSC3se,21
NR-ER-LBD,GATS8m,21
NR-ER-LBD,ATSC3c,21
NR-ER-LBD,ATSC1c,21
NR-ER-LBD,GATS4se,21
NR-ER-LBD,MINaaCH,21
NR-ER-LBD,AATSC2i,20
NR-ER-LBD,AXp-5dv,20
NR-ER-LBD,Sm,20
NR-ER-LBD,AATSC3Z,20
NR-ER-LBD,IC1,20
NR-ER-LBD,ATSC6v,20
NR-ER-LBD,AATSC7i,20
NR-ER-LBD,ATSC2i,20
NR-ER-LBD,AATS3v,20
NR-ER-LBD,ATSC5se,20
NR-ER-LBD,AATSC1dv,20
NR-ER-LBD,AATSC4v,20
NR-ER-LBD,AATSC2se,20
NR-ER-LBD,AATSC3i,20
NR-ER-LBD,VSA_EState7,20
NR-ER-LBD,MATS5s,20
NR-ER-LBD,GATS8p,20
NR-ER-LBD,GATS6s,20
NR-ER-LBD,MATS5Z,20
NR-ER-LBD,GATS7se,20
NR-ER-LBD,GATS3s,20
NR-ER-LBD,GATS3p,20
NR-ER-LBD,MW,20
NR-ER-LBD,MINssCH2,20
NR-ER-LBD,MATS3s,20
NR-ER-LBD,BCUTs-1l,20
NR-ER-LBD,GATS4dv,20
NR-ER-LBD,GATS5m,20
NR-ER-LBD,GATS5s,20
NR-ER-LBD,AATSC1i,19
NR-ER-LBD,MATS4p,19
NR-ER-LBD,MATS5m,19
NR-ER-LBD,AMID,19
NR-ER-LBD,ATSC8Z,19
NR-ER-LBD,JGI2,19
NR-ER-LBD,ATS0Z,19
NR-ER-LBD,AATS4p,19
NR-ER-LBD,AATSC3d,19
NR-ER-LBD,AATSC3v,19
NR-ER-LBD,GATS1se,19
NR-ER-LBD,AATSC5are,19
NR-ER-LBD,ATSC7d,19
NR-ER-LBD,AATSC5s,19
NR-ER-LBD,ATSC2se,19
NR-ER-LBD,MATS4s,19
NR-ER-LBD,BCUTZ-1h,19
NR-ER-LBD,BIC3,19
NR-ER-LBD,MATS4Z,19
NR-ER-LBD,BIC4,19
NR-ER-LBD,SlogP_VSA2,19
NR-ER-LBD,AATSC4are,18
NR-ER-LBD,GATS5pe,18
NR-ER-LBD,AATSC2pe,18
NR-ER-LBD,GATS7dv,18
NR-ER-LBD,MDEC-12,18
NR-ER-LBD,AXp-4dv,18
NR-ER-LBD,ZMIC5,18
NR-ER-LBD,AATS6p,18
NR-ER-LBD,MAXdO,18
NR-ER-LBD,MATS2se,18
NR-ER-LBD,ATSC4d,18
NR-ER-LBD,AATSC5i,18
NR-ER-LBD,AATS7d,18
NR-ER-LBD,ZMIC3,18
NR-ER-LBD,MATS4pe,18
NR-ER-LBD,AATSC8s,18
NR-ER-LBD,VSA_EState5,18
NR-ER-LBD,AATSC3dv,18
NR-ER-LBD,MATS8p,18
NR-ER-LBD,MATS5d,18
NR-ER-LBD,AATSC5d,17
NR-ER-LBD,AATSC6s,17
NR-ER-LBD,ATSC4i,17
NR-ER-LBD,AATSC2p,17
NR-ER-LBD,AATSC3are,17
NR-ER-LBD,BIC5,17
NR-ER-LBD,SIC4,17
NR-ER-LBD,MATS5i,17
NR-ER-LBD,AATSC2Z,17
NR-ER-LBD,AATSC7v,17
NR-ER-LBD,SpMAD_A,17
NR-ER-LBD,AATSC8Z,17
NR-ER-LBD,AATSC2m,17
NR-ER-LBD,GATS8dv,17
NR-ER-LBD,AATSC2dv,17
NR-ER-LBD,GATS3dv,17
NR-ER-LBD,ATSC6s,17
NR-ER-LBD,GATS6m,17
NR-ER-LBD,ATSC2c,17
NR-ER-LBD,ATSC2are,17
NR-ER-LBD,AMID_h,17
NR-ER-LBD,AATSC4i,17
NR-ER-LBD,ATSC8are,17
NR-ER-LBD,MATS2dv,17
NR-ER-LBD,AATSC8i,17
NR-ER-LBD,SdssC,17
NR-ER-LBD,MID_N,17
NR-ER-LBD,SM1_Dzi,17
NR-ER-LBD,MATS7c,17
NR-ER-LBD,AATS5v,17
NR-ER-LBD,AATS8dv,17
NR-ER-LBD,GATS3i,17
NR-ER-LBD,GATS7v,17
NR-ER-LBD,AETA_beta,17
NR-ER-LBD,ATSC7se,16
NR-ER-LBD,MINsssCH,16
NR-ER-LBD,Xc-5dv,16
NR-ER-LBD,AATSC8v,16
NR-ER-LBD,AATSC6dv,16
NR-ER-LBD,TopoShapeIndex,16
NR-ER-LBD,AATSC7c,16
NR-ER-LBD,ATSC8se,16
NR-ER-LBD,BCUTm-1l,16
NR-ER-LBD,AATSC1v,16
NR-ER-LBD,ATSC6pe,16
NR-ER-LBD,ZMIC2,16
NR-ER-LBD,MATS1m,16
NR-ER-LBD,ATSC4s,16
NR-ER-LBD,EState_VSA3,16
NR-ER-LBD,MATS8Z,16
NR-ER-LBD,GATS4m,16
NR-ER-LBD,ATSC8s,16
NR-ER-LBD,MATS4d,16
NR-ER-LBD,GATS8se,16
NR-ER-LBD,GATS5se,16
NR-ER-LBD,EState_VSA7,16
NR-ER-LBD,AATSC6are,16
NR-ER-LBD,AATSC1c,16
NR-ER-LBD,MATS8are,16
NR-ER-LBD,GATS1Z,16
NR-PPAR-gamma,GATS4dv,40
NR-PPAR-gamma,GATS5c,33
NR-PPAR-gamma,MDEC-13,28
NR-PPAR-gamma,ATSC4c,28
NR-PPAR-gamma,MDEO-11,28
NR-PPAR-gamma,SLogP,25
NR-PPAR-gamma,GATS5se,25
NR-PPAR-gamma,GATS3are,24
NR-PPAR-gamma,MATS8c,24
NR-PPAR-gamma,MATS1c,24
NR-PPAR-gamma,AATS6p,23
NR-PPAR-gamma,MINssCH2,23
NR-PPAR-gamma,GATS5d,22
NR-PPAR-gamma,MID_O,22
NR-PPAR-gamma,ATSC2c,22
NR-PPAR-gamma,AATSC0s,21
NR-PPAR-gamma,MAXssCH2,20
NR-PPAR-gamma,ATSC1p,20
NR-PPAR-gamma,JGI1,20
NR-PPAR-gamma,ATSC2p,20
NR-PPAR-gamma,GATS8Z,20
NR-PPAR-gamma,AMID_O,20
NR-PPAR-gamma,GATS4p,20
NR-PPAR-gamma,ATSC2are,20
NR-PPAR-gamma,MATS5d,19
NR-PPAR-gamma,AMID_N,19
NR-PPAR-gamma,AATSC2d,19
NR-PPAR-gamma,JGI10,19
NR-PPAR-gamma,GATS8dv,19
NR-PPAR-gamma,MAXdO,18
NR-PPAR-gamma,GATS1are,18
NR-PPAR-gamma,BCUTc-1l,18
NR-PPAR-gamma,AATS7d,18
NR-PPAR-gamma,GATS1s,18
NR-PPAR-gamma,AXp-6d,17
NR-PPAR-gamma,GATS2dv,17
NR-PPAR-gamma,ZMIC1,17
NR-PPAR-gamma,FilterItLogS,17
NR-PPAR-gamma,AATSC3Z,17
NR-PPAR-gamma,AATSC5i,17
NR-PPAR-gamma,MINdsCH,17
NR-PPAR-gamma,MATS4dv,17
NR-PPAR-gamma,AATS8d,16
NR-PPAR-gamma,GATS8m,16
NR-PPAR-gamma,MATS2pe,16
NR-PPAR-gamma,MATS3se,16
NR-PPAR-gamma,AATSC4dv,15
NR-PPAR-gamma,GATS2c,15
NR-PPAR-gamma,MINsOH,15
NR-PPAR-gamma,PEOE_VSA9,15
NR-PPAR-gamma,MAXdsCH,15
NR-PPAR-gamma,JGI3,15
NR-PPAR-gamma,GATS3i,14
NR-PPAR-gamma,MATS1p,14
NR-PPAR-gamma,MATS6pe,14
NR-PPAR-gamma,MATS1are,14
NR-PPAR-gamma,AATS8dv,14
NR-PPAR-gamma,GATS4are,14
NR-PPAR-gamma,AATSC8c,14
NR-PPAR-gamma,AATS5i,14
NR-PPAR-gamma,BCUTc-1h,14
NR-PPAR-gamma,ATSC5c,14
NR-PPAR-gamma,GATS8c,14
NR-PPAR-gamma,MATS5c,14
NR-PPAR-gamma,ATSC8dv,13
NR-PPAR-gamma,ATSC2m,13
NR-PPAR-gamma,AATSC4p,13
NR-PPAR-gamma,AATSC3s,13
NR-PPAR-gamma,ATSC3p,13
NR-PPAR-gamma,AATSC5Z,13
NR-PPAR-gamma,PEOE_VSA2,13
NR-PPAR-gamma,GATS6v,13
NR-PPAR-gamma,GATS2se,13
NR-PPAR-gamma,ATSC4i,13
NR-PPAR-gamma,GATS4v,12
NR-PPAR-gamma,MATS4i,12
NR-PPAR-gamma,MATS3m,12
NR-PPAR-gamma,VSA_EState3,12
NR-PPAR-gamma,ATSC2i,12
NR-PPAR-gamma,AATSC0c,12
NR-PPAR-gamma,GATS4c,12
NR-PPAR-gamma,MINaaCH,12
NR-PPAR-gamma,AETA_eta,12
NR-PPAR-gamma,PEOE_VSA8,12
NR-PPAR-gamma,ATSC2d,11
NR-PPAR-gamma,MINdO,11
NR-PPAR-gamma,GATS3c,11
NR-PPAR-gamma,AATSC2c,11
NR-PPAR-gamma,AXp-5dv,11
NR-PPAR-gamma,ATSC1c,11
NR-PPAR-gamma,VSA_EState7,11
NR-PPAR-gamma,AATSC4i,11
NR-PPAR-gamma,ATSC4v,11
NR-PPAR-gamma,SlogP_VSA6,11
NR-PPAR-gamma,EState_VSA3,11
NR-PPAR-gamma,GATS7i,10
NR-PPAR-gamma,AATS4p,10
NR-PPAR-gamma,AATS7are,10
NR-PPAR-gamma,ATSC4d,10
NR-PPAR-gamma,SIC5,10
NR-PPAR-gamma,SIC2,10
NR-PPAR-gamma,ATSC8c,10
NR-PPAR-gamma,GATS6c,10
NR-PPAR-gamma,AATS8i,10
NR-PPAR-gamma,BCUTd-1l,10
NR-PPAR-gamma,GATS4i,10
NR-PPAR-gamma,AATSC4c,10
NR-PPAR-gamma,GATS5i,10
NR-PPAR-gamma,BCUTi-1h,10
NR-PPAR-gamma,GATS4s,10
NR-PPAR-gamma,MINsCH3,10
NR-PPAR-gamma,AXp-6dv,10
NR-PPAR-gamma,MATS2m,10
NR-PPAR-gamma,GATS3p,10
NR-PPAR-gamma,Kier3,10
NR-PPAR-gamma,MDEC-33,10
NR-PPAR-gamma,ATSC3v,10
NR-PPAR-gamma,ATSC7c,9
NR-PPAR-gamma,AATSC7c,9
NR-PPAR-gamma,ATSC5v,9
NR-PPAR-gamma,GATS5are,9
NR-PPAR-gamma,Xpc-6dv,9
NR-PPAR-gamma,MATS6dv,9
NR-PPAR-gamma,EState_VSA2,9
NR-PPAR-gamma,AATSC2s,9
NR-PPAR-gamma,SlogP_VSA3,9
NR-PPAR-gamma,AATSC3d,9
NR-PPAR-gamma,GATS5Z,9
NR-PPAR-gamma,AATSC5d,9
NR-PPAR-gamma,AATSC2m,9
NR-PPAR-gamma,AATSC5v,9
NR-PPAR-gamma,CIC4,9
NR-PPAR-gamma,MATS3dv,9
NR-PPAR-gamma,JGI9,9
NR-PPAR-gamma,AXp-7d,8
NR-PPAR-gamma,ATSC3m,8
NR-PPAR-gamma,ATSC6are,8
NR-PPAR-gamma,MATS8se,8
NR-PPAR-gamma,ATSC3d,8
NR-PPAR-gamma,AATSC8dv,8
NR-PPAR-gamma,MATS2p,8
NR-PPAR-gamma,AATSC6dv,8
NR-PPAR-gamma,AATS4i,8
NR-PPAR-gamma,MAXaasC,8
NR-PPAR-gamma,MAXsOH,8
NR-PPAR-gamma,ATSC3dv,8
NR-PPAR-gamma,VSA_EState8,8
NR-PPAR-gamma,ATSC4Z,8
NR-PPAR-gamma,MDEC-23,8
NR-PPAR-gamma,ATSC3c,8
NR-PPAR-gamma,SIC4,8
NR-PPAR-gamma,MATS2are,8
NR-PPAR-gamma,ATSC6c,8
NR-PPAR-gamma,MIC5,8
NR-PPAR-gamma,PEOE_VSA10,8
NR-PPAR-gamma,PEOE_VSA6,8
NR-PPAR-gamma,AXp-7dv,8
NR-PPAR-gamma,ATSC1s,8
NR-PPAR-gamma,GATS8p,8
NR-PPAR-gamma,MATS5Z,8
NR-PPAR-gamma,GATS2i,8
NR-PPAR-gamma,GATS3Z,8
NR-PPAR-gamma,GATS5m,8
NR-PPAR-gamma,GATS3se,8
NR-PPAR-gamma,MATS5s,8
NR-PPAR-gamma,GATS2are,8
NR-PPAR-gamma,JGI4,8
NR-PPAR-gamma,nBase,8
NR-PPAR-gamma,GATS3pe,8
NR-PPAR-gamma,GATS4se,8
NR-PPAR-gamma,AATSC1s,8
NR-PPAR-gamma,GATS7se,8
NR-PPAR-gamma,Xp-3dv,7
NR-PPAR-gamma,MAXdCH2,7
NR-PPAR-gamma,MATS6are,7
NR-PPAR-gamma,MATS6i,7
NR-PPAR-gamma,MATS2c,7
NR-PPAR-gamma,AATSC7i,7
NR-PPAR-gamma,ATSC4p,7
NR-PPAR-gamma,ZMIC4,7
NR-PPAR-gamma,GATS5v,7
NR-PPAR-gamma,MATS2i,7
NR-PPAR-gamma,ATSC8s,7
NR-PPAR-gamma,AATS2v,7
NR-PPAR-gamma,ATSC2Z,7
NR-PPAR-gamma,MATS7m,7
NR-PPAR-gamma,ATSC7are,7
NR-PPAR-gamma,JGI5,7
NR-PPAR-gamma,EState_VSA5,7
NR-PPAR-gamma,MINsssCH,7
NR-PPAR-gamma,GATS7pe,7
NR-PPAR-gamma,AATSC3se,7
NR-PPAR-gamma,AATSC4d,7
NR-PPAR-gamma,ATSC5m,7
NR-PPAR-gamma,GATS1c,7
NR-PPAR-gamma,GATS2pe,7
NR-PPAR-gamma,AATS7i,7
NR-PPAR-gamma,ATSC5i,7
NR-PPAR-gamma,AATS0i,7
NR-PPAR-gamma,AATS0s,7
NR-PPAR-gamma,AATS3dv,7
NR-PPAR-gamma,ATSC7dv,7
NR-PPAR-gamma,MATS3Z,7
NR-PPAR-gamma,JGI8,7
NR-PPAR-gamma,AATS3i,7
NR-PPAR-gamma,GATS6Z,7
NR-PPAR-gamma,Xpc-5dv,7
NR-PPAR-gamma,AATS3p,7
NR-PPAR-gamma,GATS3d,7
NR-PPAR-gamma,ETA_eta,7
NR-PPAR-gamma,ETA_epsilon_5,7
NR-PPAR-gamma,MATS6Z,7
NR-PPAR-gamma,GATS4Z,7
NR-PPAR-gamma,GATS5p,7
NR-PPAR-gamma,GATS6i,6
NR-PPAR-gamma,AATSC5p,6
NR-PPAR-gamma,AETA_eta_BR,6
NR-PPAR-gamma,JGI6,6
NR-PPAR-gamma,GATS8pe,6
NR-PPAR-gamma,ATSC7Z,6
NR-PPAR-gamma,GATS7are,6
NR-PPAR-gamma,AATS8v,6
NR-PPAR-gamma,AATS5p,6
NR-PPAR-gamma,AATSC8pe,6
NR-PPAR-gamma,EState_VSA6,6
NR-PPAR-gamma,ETA_shape_p,6
NR-PPAR-gamma,AATS7p,6
NR-PPAR-gamma,Xp-4dv,6
NR-PPAR-gamma,GATS1p,6
NR-PPAR-gamma,MATS6d,6
NR-PPAR-gamma,BIC5,6
NR-PPAR-gamma,MATS2dv,6
NR-PPAR-gamma,CIC2,6
NR-PPAR-gamma,MINssO,6
NR-PPAR-gamma,ATSC1se,6
NR-PPAR-gamma,CIC5,6
NR-PPAR-gamma,JGI7,6
NR-PPAR-gamma,MATS3c,6
NR-PPAR-gamma,MIC4,6
NR-PPAR-gamma,ATSC6dv,6
NR-PPAR-gamma,ATSC5dv,6
NR-PPAR-gamma,ZMIC2,6
NR-PPAR-gamma,ZMIC3,6
NR-PPAR-gamma,AXp-5d,6
NR-PPAR-gamma,ZMIC5,6
NR-PPAR-gamma,AATSC3i,6
NR-PPAR-gamma,BCUTs-1l,6
NR-PPAR-gamma,GATS7dv,6
NR-PPAR-gamma,ATSC4m,6
NR-PPAR-gamma,AATS1p,6
NR-PPAR-gamma,AATS4m,6
NR-PPAR-gamma,MATS8i,6
NR-PPAR-gamma,GATS6m,6
NR-PPAR-gamma,MATS3v,6
NR-PPAR-gamma,GATS2s,6
NR-PPAR-gamma,GATS1v,6
NR-PPAR-gamma,AATSC5c,6
NR-PPAR-gamma,GATS6se,6
NR-PPAR-gamma,AATSC3m,6
NR-PPAR-gamma,AATSC0v,6
NR-PPAR-gamma,AATS3s,6
NR-PPAR-gamma,ATSC8pe,6
NR-PPAR-gamma,MATS4se,6
NR-PPAR-gamma,MATS5m,6
NR-PPAR-gamma,MATS5se,6
NR-PPAR-gamma,MAXsssN,6
NR-PPAR-gamma,GATS1se,6
NR-PPAR-gamma,Kier2,5
NR-PPAR-gamma,ETA_dEpsilon_B,5
NR-PPAR-gamma,AATS5m,5
NR-PPAR-gamma,ATSC3s,5
NR-PPAR-gamma,AATSC2i,5
NR-PPAR-gamma,ATSC4s,5
NR-PPAR-gamma,AATSC0dv,5
NR-PPAR-gamma,ATSC8are,5
NR-PPAR-gamma,MATS1s,5
NR-PPAR-gamma,ATSC3se,5
NR-PPAR-gamma,AATSC6i,5
NR-PPAR-gamma,GATS5s,5
NR-PPAR-gamma,GATS3m,5
NR-PPAR-gamma,AATSC3c,5
NR-PPAR-gamma,MATS1d,5
NR-PPAR-gamma,AATSC2Z,5
NR-PPAR-gamma,IC5,5
NR-PPAR-gamma,MINsCl,5
NR-PPAR-gamma,GATS6p,5
NR-PPAR-gamma,AATSC6Z,5
NR-PPAR-gamma,MATS4are,5
NR-PPAR-gamma,ATSC4dv,5
NR-PPAR-gamma,fMF,5
NR-PPAR-gamma,GATS3s,5
NR-PPAR-gamma,BCUTs-1h,5
NR-PPAR-gamma,SIC3,5
NR-PPAR-gamma,BCUTse-1l,5
NR-PPAR-gamma,MATS3d,5
NR-PPAR-gamma,JGI2,5
NR-PPAR-gamma,Xc-5d,5
NR-PPAR-gamma,ATSC8p,5
NR-PPAR-gamma,IC1,5
NR-PPAR-gamma,AATS7dv,5
SR-ARE,BCUTse-1l,65
SR-ARE,BCUTc-1h,47
SR-ARE,GATS3p,45
SR-ARE,SLogP,40
SR-ARE,GATS3c,39
SR-ARE,RPCG,38
SR-ARE,ATSC3c,32
SR-ARE,MINdsCH,32
SR-ARE,ATSC3s,32
SR-ARE,PEOE_VSA10,32
SR-ARE,GATS4c,31
SR-ARE,ATSC5c,31
SR-ARE,GATS3dv,30
SR-ARE,GATS4d,28
SR-ARE,MINaasC,28
SR-ARE,BCUTc-1l,28
SR-ARE,GATS2i,28
SR-ARE,ATSC2d,26
SR-ARE,ETA_shape_y,26
SR-ARE,MATS2c,26
SR-ARE,MAXdssC,25
SR-ARE,AATSC4v,25
SR-ARE,MAXdsCH,24
SR-ARE,AATSC2c,24
SR-ARE,GATS5v,24
SR-ARE,MATS3p,24
SR-ARE,AATSC4c,23
SR-ARE,GATS5c,23
SR-ARE,ZMIC2,23
SR-ARE,GATS5s,23
SR-ARE,VSA_EState7,23
SR-ARE,AXp-0dv,22
SR-ARE,MINssCH2,22
SR-ARE,EState_VSA4,22
SR-ARE,PEOE_VSA7,22
SR-ARE,AATS0s,22
SR-ARE,GATS2c,21
SR-ARE,SdsCH,21
SR-ARE,GATS7v,21
SR-ARE,GATS3are,21
SR-ARE,EState_VSA2,21
SR-ARE,AETA_beta_ns_d,21
SR-ARE,FilterItLogS,21
SR-ARE,GATS6c,20
SR-ARE,ETA_epsilon_5,20
SR-ARE,AATS4p,20
SR-ARE,MATS1c,20
SR-ARE,MATS4c,20
SR-ARE,AATS5i,20
SR-ARE,MINdO,20
SR-ARE,ATSC2c,20
SR-ARE,ATSC1v,20
SR-ARE,EState_VSA8,20
SR-ARE,GATS4m,20
SR-ARE,AATSC5c,20
SR-ARE,GATS7are,20
SR-ARE,ATSC1s,20
SR-ARE,PEOE_VSA11,20
SR-ARE,ATSC3v,19
SR-ARE,ATSC7c,19
SR-ARE,AATSC3c,19
SR-ARE,AATSC7d,19
SR-ARE,ATSC8dv,19
SR-ARE,AATS2i,19
SR-ARE,MATS1p,19
SR-ARE,GATS7i,19
SR-ARE,ATSC5v,19
SR-ARE,AATS6s,19
SR-ARE,GATS3d,18
SR-ARE,GATS8Z,18
SR-ARE,ATSC1p,18
SR-ARE,AATS8d,18
SR-ARE,AATSC1se,18
SR-ARE,MATS3c,18
SR-ARE,AXp-5dv,18
SR-ARE,AATS2dv,18
SR-ARE,GATS1c,18
SR-ARE,GATS6i,18
SR-ARE,AATSC4are,18
SR-ARE,AETA_eta_RL,18
SR-ARE,SlogP_VSA5,18
SR-ARE,GATS5Z,18
SR-ARE,MATS1are,18
SR-ARE,MATS4p,18
SR-ARE,PEOE_VSA9,18
SR-ARE,MATS1s,18
SR-ARE,ATSC4c,18
SR-ARE,AATSC4p,17
SR-ARE,ATSC1i,17
SR-ARE,MDEC-13,17
SR-ARE,GATS3Z,17
SR-ARE,MAXssCH2,17
SR-ARE,PEOE_VSA1,17
SR-ARE,GATS1p,17
SR-ARE,GATS2dv,17
SR-ARE,ATSC6c,17
SR-ARE,MATS4v,17
SR-ARE,GATS6s,17
SR-ARE,MATS8s,17
SR-ARE,MAXsssCH,17
SR-ARE,MINaaCH,17
SR-ARE,MINsOH,17
SR-ARE,AATSC0v,17
SR-ARE,ATSC1pe,17
SR-ARE,MDEO-12,16
SR-ARE,AATS1s,16
SR-ARE,GATS1d,16
SR-ARE,GATS3se,16
SR-ARE,GATS3pe,16
SR-ARE,AATSC3p,16
SR-ARE,GATS8s,16
SR-ARE,AATSC1p,16
SR-ARE,ATSC6d,16
SR-ARE,GATS3i,16
SR-ARE,ATSC5i,16
SR-ARE,GATS8d,16
SR-ARE,MAXsCH3,16
SR-ARE,MINdssC,16
SR-ARE,SlogP_VSA2,16
SR-ARE,GATS1v,16
SR-ARE,MINsCH3,15
SR-ARE,PEOE_VSA8,15
SR-ARE,ATSC3are,15
SR-ARE,ATSC7dv,15
SR-ARE,ATSC1se,15
SR-ARE,AATSC3v,15
SR-ARE,AATSC1dv,15
SR-ARE,AATSC2pe,15
SR-ARE,AATSC2p,15
SR-ARE,GATS3s,15
SR-ARE,ZMIC1,15
SR-ARE,BCUTare-1h,15
SR-ARE,AATSC4se,15
SR-ARE,AATS3i,15
SR-ARE,ZMIC3,14
SR-ARE,BIC2,14
SR-ARE,AETA_beta_s,14
SR-ARE,AATSC6i,14
SR-ARE,MIC1,14
SR-ARE,MDEO-11,14
SR-ARE,ATSC4s,14
SR-ARE,AATSC4dv,14
SR-ARE,GATS2s,14
SR-ARE,MATS8c,14
SR-ARE,GATS6are,14
SR-ARE,AMID_C,14
SR-ARE,MATS3s,14
SR-ARE,MATS8dv,14
SR-ARE,MATS5s,14
SR-ARE,JGI9,14
SR-ARE,ZMIC5,14
SR-ARE,IC1,14
SR-ARE,AATSC8v,14
SR-ARE,GATS7se,14
SR-ARE,MATS6p,14
SR-ARE,GATS8c,14
SR-ARE,MAXssNH,14
SR-ARE,GATS5se,14
SR-ARE,MAXaasC,14
SR-ARE,GATS4Z,14
SR-ARE,BCUTs-1l,14
SR-ARE,ATSC0c,14
SR-ARE,GATS2pe,14
SR-ARE,RNCG,13
SR-ARE,GATS4i,13
SR-ARE,AATSC0c,13
SR-ARE,GATS4dv,13
SR-ARE,TopoPSA,13
SR-ARE,AATSC5i,13
SR-ARE,VSA_EState3,13
SR-ARE,AATSC8i,13
SR-ARE,BCUTi-1h,13
SR-ARE,GATS4s,13
SR-ARE,ATSC2Z,13
SR-ARE,ATSC5se,13
SR-ARE,ATSC8s,13
SR-ARE,MDEC-22,13
SR-ARE,ATSC4se,13
SR-ARE,PEOE_VSA6,13
SR-ARE,MATS4s,13
SR-ARE,ATSC7v,13
SR-ARE,AATSC4m,13
SR-ARE,GATS2p,13
SR-ARE,ATSC5dv,13
SR-ARE,Kier3,13
SR-ARE,AATSC5d,13
SR-ARE,MATS6c,13
SR-ARE,MATS6pe,13
SR-ARE,GATS5d,13
SR-ARE,MATS8v,13
SR-ARE,MID_N,13
SR-ARE,AMID_N,13
SR-ARE,AATSC4pe,13
SR-ARE,ATSC5pe,12
SR-ARE,ATSC2s,12
SR-ARE,GATS7d,12
SR-ARE,BCUTv-1h,12
SR-ARE,AATSC3d,12
SR-ARE,BCUTZ-1h,12
SR-ARE,MATS5c,12
SR-ARE,GATS5p,12
SR-ARE,GATS3v,12
SR-ARE,BCUTd-1l,12
SR-ARE,AATSC1c,12
SR-ARE,ATSC8se,12
SR-ARE,ETA_shape_p,12
SR-ARE,GATS4v,12
SR-ARE,JGI10,12
SR-ARE,AATSC0p,12
SR-ARE,RotRatio,12
SR-ARE,VSA_EState5,12
SR-ARE,AATSC6c,12
SR-ARE,GATS1s,12
SR-ARE,MATS4i,12
SR-ARE,SpMAD_Dzp,12
SR-ARE,MATS6i,12
SR-ARE,GATS3m,12
SR-ARE,MATS2se,12
SR-ARE,AATSC0i,12
SR-ARE,GATS4se,12
SR-ARE,AATS5p,12
SR-ARE,ATSC0are,12
SR-ARE,AATSC6s,12
SR-ARE,MATS7dv,12
SR-ARE,GATS6dv,12
SR-ARE,AETA_eta_F,12
SR-ARE,BIC5,12
SR-ARE,BCUTp-1l,12
SR-ARE,ATSC1c,12
SR-ARE,GATS5dv,12
SR-ARE,AATSC1s,12
SR-ARE,ATSC6Z,12
SR-ARE,VR2_A,11
SR-ARE,MATS7d,11
SR-ARE,MATS2dv,11
SR-ARE,MATS2s,11
SR-ARE,MATS7c,11
SR-ARE,AATS7i,11
SR-ARE,MINssNH,11
SR-ARE,AATSC4s,11
SR-ARE,PEOE_VSA2,11
SR-ARE,SMR_VSA9,11
SR-ARE,AATSC1pe,11
SR-ARE,ATSC6dv,11
SR-ARE,ETA_dEpsilon_B,11
SR-ARE,AXp-4d,11
SR-ARE,MAXssO,11
SR-ARE,SpMAD_Dzare,11
SR-ARE,MATS2are,11
SR-ARE,MATS2p,11
SR-ARE,ETA_psi_1,11
SR-ARE,MATS1i,11
SR-ARE,AATSC0are,11
SR-ARE,MATS3se,11
SR-ARE,ATSC3se,11
SR-ARE,BCUTi-1l,11
SR-ARE,BCUTdv-1h,11
SR-ARE,ATSC7pe,11
SR-ARE,GATS8pe,11
SR-ARE,AATSC6se,11
SR-ARE,GATS6p,11
SR-ARE,AATSC7dv,11
SR-ARE,AATSC6p,11
SR-ARE,SaasC,11
SR-ARE,ATSC1m,11
SR-ARE,ATSC8p,11
SR-ARE,AATS4s,11
SR-ARE,Xch-7d,11
SR-ARE,BIC4,11
SR-ARE,MATS2m,11
SR-ARE,MATS1v,11
SR-ARE,BIC1,11
SR-ARE,AATSC4Z,11
SR-ARE,MATS3v,11
SR-ARE,SdssC,11
SR-ARE,AATS7s,11
SR-ARE,GATS7s,10
SR-ARE,AATS8i,10
SR-ARE,AATSC3Z,10
SR-ARE,MIC2,10
SR-ARE,AATSC1i,10
SR-ARE,AATS7se,10
SR-ARE,ETA_eta_B,10
SR-ARE,AATS2p,10
SR-ARE,AATSC4i,10
SR-ARE,ETA_dEpsilon_D,10
SR-ARE,ATSC6p,10
SR-ARE,nBase,10
SR-ARE,AMID_h,10
SR-ARE,ATSC7i,10
SR-ARE,JGI6,10
SR-ARE,GATS6se,10
SR-ARE,MATS3i,10
SR-ARE,JGT10,10
SR-ARE,ATSC3d,10
SR-ARE,AATSC4d,10
SR-ARE,AMID_O,10
SR-ARE,ATSC4dv,10
SR-ARE,ATSC7are,10
SR-ARE,MATS2i,10
SR-ATAD5,JGI9,255
SR-ATAD5,GATS6d,31
SR-ATAD5,GATS5i,30
SR-ATAD5,MATS1dv,29
SR-ATAD5,MINdsCH,28
SR-ATAD5,ETA_alpha,28
SR-ATAD5,MATS8s,27
SR-ATAD5,AATSC5c,26
SR-ATAD5,GATS6c,26
SR-ATAD5,GATS7s,26
SR-ATAD5,GATS1s,26
SR-ATAD5,SLogP,25
SR-ATAD5,GATS3c,25
SR-ATAD5,AATS7p,25
SR-ATAD5,MATS5c,25
SR-ATAD5,AATSC3c,24
SR-ATAD5,NdsCH,24
SR-ATAD5,ATSC4v,23
SR-ATAD5,GATS4se,23
SR-ATAD5,GATS1c,23
SR-ATAD5,MATS1v,22
SR-ATAD5,SlogP_VSA3,22
SR-ATAD5,GATS2dv,22
SR-ATAD5,MINssCH2,22
SR-ATAD5,GATS2c,22
SR-ATAD5,MAXaasC,21
SR-ATAD5,GATS4i,21
SR-ATAD5,GATS8pe,21
SR-ATAD5,AATS7d,21
SR-ATAD5,BCUTd-1l,20
SR-ATAD5,MATS6se,20
SR-ATAD5,BCUTc-1l,20
SR-ATAD5,ATSC6c,20
SR-ATAD5,BCUTc-1h,20
SR-ATAD5,MID_N,20
SR-ATAD5,AATS4m,20
SR-ATAD5,SpMAD_A,20
SR-ATAD5,GATS8d,19
SR-ATAD5,MATS4s,19
SR-ATAD5,ATSC5are,19
SR-ATAD5,BCUTd-1h,19
SR-ATAD5,AATS8d,19
SR-ATAD5,ATSC2i,19
SR-ATAD5,ETA_shape_p,18
SR-ATAD5,AATSC4i,18
SR-ATAD5,AATS8dv,18
SR-ATAD5,AATS0v,18
SR-ATAD5,AATSC3m,18
SR-ATAD5,GATS4c,18
SR-ATAD5,MAXssCH2,18
SR-ATAD5,JGI5,17
SR-ATAD5,GATS5d,16
SR-ATAD5,GATS5c,16
SR-ATAD5,GATS4d,16
SR-ATAD5,ATSC6se,16
SR-ATAD5,AATS1i,16
SR-ATAD5,MATS3c,16
SR-ATAD5,GATS5v,16
SR-ATAD5,AATSC3Z,16
SR-ATAD5,MATS4c,16
SR-ATAD5,JGI6,16
SR-ATAD5,AATSC4se,16
SR-ATAD5,AATS7i,16
SR-ATAD5,ATSC5c,16
SR-ATAD5,MAXsssCH,16
SR-ATAD5,ATSC3d,15
SR-ATAD5,ATSC7s,15
SR-ATAD5,GATS1i,15
SR-ATAD5,AETA_beta_ns_d,15
SR-ATAD5,MATS6v,15
SR-ATAD5,AATS5v,15
SR-ATAD5,ATSC3se,15
SR-ATAD5,MDEC-12,15
SR-ATAD5,AATSC4p,15
SR-ATAD5,AATS3i,15
SR-ATAD5,MAXsCH3,14
SR-ATAD5,GATS8Z,14
SR-ATAD5,GATS2are,14
SR-ATAD5,JGI4,14
SR-ATAD5,EState_VSA6,14
SR-ATAD5,GATS2i,14
SR-ATAD5,GATS1p,14
SR-ATAD5,MDEC-33,14
SR-ATAD5,AXp-7dv,14
SR-ATAD5,MATS5p,14
SR-ATAD5,AATS6v,14
SR-ATAD5,ATSC5dv,14
SR-ATAD5,AETA_eta_L,14
SR-ATAD5,GATS2s,13
SR-ATAD5,GATS2Z,13
SR-ATAD5,ATSC4c,13
SR-ATAD5,ZMIC2,13
SR-ATAD5,AATS3s,13
SR-ATAD5,ATSC4s,13
SR-ATAD5,GATS3pe,13
SR-ATAD5,VSA_EState4,13
SR-ATAD5,GATS5se,13
SR-ATAD5,AATSC4c,12
SR-ATAD5,MATS7i,12
SR-ATAD5,BCUTi-1h,12
SR-ATAD5,ATSC5v,12
SR-ATAD5,AATSC3dv,12
SR-ATAD5,ATSC8s,12
SR-ATAD5,GATS1dv,12
SR-ATAD5,AATS4i,12
SR-ATAD5,ATSC7dv,12
SR-ATAD5,MATS2p,12
SR-ATAD5,GATS4Z,12
SR-ATAD5,MATS4v,12
SR-ATAD5,ATSC1p,12
SR-ATAD5,AATSC6v,12
SR-ATAD5,GATS3s,12
SR-ATAD5,AATSC0se,12
SR-ATAD5,AMID_N,12
SR-ATAD5,AATSC3are,11
SR-ATAD5,ATSC4p,11
SR-ATAD5,AATS8i,11
SR-ATAD5,ATSC7v,11
SR-ATAD5,TopoPSA,11
SR-ATAD5,EState_VSA4,11
SR-ATAD5,RotRatio,11
SR-ATAD5,AXp-0dv,11
SR-ATAD5,MATS7d,11
SR-ATAD5,GATS5dv,11
SR-ATAD5,AATSC0p,11
SR-ATAD5,BCUTdv-1l,11
SR-ATAD5,ATSC3c,11
SR-ATAD5,AATS4Z,10
SR-ATAD5,AATSC0pe,10
SR-ATAD5,BIC4,10
SR-ATAD5,AATSC5i,10
SR-ATAD5,MATS4dv,10
SR-ATAD5,SaasC,10
SR-ATAD5,AATSC7i,10
SR-ATAD5,MATS4d,10
SR-ATAD5,Mv,10
SR-ATAD5,AATSC8c,10
SR-ATAD5,MDEC-23,10
SR-ATAD5,MATS7s,10
SR-ATAD5,GATS8s,10
SR-ATAD5,MINsCH3,10
SR-ATAD5,GATS7se,10
SR-ATAD5,GATS7Z,10
SR-ATAD5,GATS3se,10
SR-ATAD5,AATSC2d,10
SR-ATAD5,FilterItLogS,9
SR-ATAD5,AATSC6se,9
SR-ATAD5,MATS7Z,9
SR-ATAD5,GATS1v,9
SR-ATAD5,SIC0,9
SR-ATAD5,JGI3,9
SR-ATAD5,VSA_EState7,9
SR-ATAD5,AATSC1p,9
SR-ATAD5,MATS4Z,9
SR-ATAD5,AATSC6c,9
SR-ATAD5,TopoPSA(NO),9
SR-ATAD5,ATSC8pe,9
SR-ATAD5,ETA_epsilon_2,9
SR-ATAD5,RPCG,9
SR-ATAD5,MATS4m,9
SR-ATAD5,ATSC1dv,9
SR-ATAD5,AXp-6dv,9
SR-ATAD5,ZMIC0,9
SR-ATAD5,GATS7dv,9
SR-ATAD5,AATSC4s,9
SR-ATAD5,MATS1s,9
SR-ATAD5,MATS1p,9
SR-ATAD5,AATS4p,9
SR-ATAD5,GATS3dv,9
SR-ATAD5,GATS3Z,9
SR-ATAD5,ATSC5d,9
SR-ATAD5,MINssO,9
SR-ATAD5,GATS6s,9
SR-ATAD5,GATS1Z,9
SR-ATAD5,AATS8s,8
SR-ATAD5,MATS7m,8
SR-ATAD5,MATS1c,8
SR-ATAD5,EState_VSA5,8
SR-ATAD5,SlogP_VSA6,8
SR-ATAD5,MDEN-22,8
SR-ATAD5,ATSC2p,8
SR-ATAD5,MATS7dv,8
SR-ATAD5,MATS2d,8
SR-ATAD5,EState_VSA3,8
SR-ATAD5,AXp-1d,8
SR-ATAD5,ATSC6pe,8
SR-ATAD5,AATSC7c,8
SR-ATAD5,GATS3i,8
SR-ATAD5,BalabanJ,8
SR-ATAD5,BCUTv-1h,8
SR-ATAD5,ATSC8se,8
SR-ATAD5,ATSC8c,8
SR-ATAD5,JGI10,8
SR-ATAD5,ATSC2d,8
SR-ATAD5,GATS3d,8
SR-ATAD5,GATS7d,8
SR-ATAD5,ATSC4d,8
SR-ATAD5,GATS2m,8
SR-ATAD5,GATS3m,8
SR-ATAD5,GATS4m,8
SR-ATAD5,AATSC3d,8
SR-ATAD5,GATS8m,8
SR-ATAD5,ATSC5s,8
SR-ATAD5,GATS2se,8
SR-ATAD5,BCUTp-1l,8
SR-ATAD5,GATS2pe,8
SR-ATAD5,GATS7pe,8
SR-ATAD5,GATS3are,8
SR-ATAD5,MATS6p,8
SR-ATAD5,MDEC-13,8
SR-ATAD5,ATSC5i,8
SR-ATAD5,AATSC4pe,8
SR-ATAD5,AETA_beta,8
SR-ATAD5,AATSC4v,8
SR-ATAD5,MATS5se,8
SR-ATAD5,SdsCH,8
SR-ATAD5,MATS7pe,8
SR-ATAD5,MATS3pe,8
SR-ATAD5,MATS7se,8
SR-ATAD5,ETA_epsilon_5,7
SR-ATAD5,MATS6s,7
SR-ATAD5,MATS6c,7
SR-ATAD5,ATSC3s,7
SR-ATAD5,AATSC2se,7
SR-ATAD5,MATS1Z,7
SR-ATAD5,MINsssCH,7
SR-ATAD5,Kier3,7
SR-ATAD5,AATSC1dv,7
SR-ATAD5,MATS3Z,7
SR-ATAD5,IC4,7
SR-ATAD5,SIC2,7
SR-ATAD5,MATS8c,7
SR-ATAD5,AATS5se,7
SR-ATAD5,AATSC4d,7
SR-ATAD5,AATSC8d,7
SR-ATAD5,ATSC6i,7
SR-ATAD5,AATS5i,7
SR-ATAD5,MATS3d,7
SR-ATAD5,AETA_beta_s,7
SR-ATAD5,ATSC8i,7
SR-ATAD5,ATSC6v,7
SR-ATAD5,ATSC3dv,7
SR-ATAD5,PEOE_VSA8,7
SR-ATAD5,MATS2dv,7
SR-ATAD5,PEOE_VSA3,7
SR-ATAD5,SlogP_VSA8,7
SR-ATAD5,AATSC2c,7
SR-ATAD5,ATSC4i,7
SR-ATAD5,MATS2s,7
SR-ATAD5,SMR_VSA1,7
SR-ATAD5,ATSC6d,7
SR-ATAD5,MATS3s,7
SR-ATAD5,GATS1m,7
SR-ATAD5,MATS2pe,7
SR-ATAD5,piPC10,7
SR-ATAD5,Xp-0dv,7
SR-ATAD5,AXp-7d,7
SR-ATAD5,AXp-1dv,7
SR-ATAD5,AXp-4dv,7
SR-ATAD5,GATS6Z,7
SR-ATAD5,ATS0m,7
SR-ATAD5,AXp-0d,7
SR-ATAD5,MATS4pe,7
SR-ATAD5,GATS8dv,7
SR-ATAD5,piPC9,7
SR-ATAD5,BCUTi-1l,7
SR-ATAD5,MATS4se,7
SR-ATAD5,AATS4d,7
SR-ATAD5,MATS7p,7
SR-ATAD5,SIC3,6
SR-ATAD5,BCUTse-1l,6
SR-ATAD5,AATSC1c,6
SR-ATAD5,AATSC0c,6
SR-ATAD5,GATS5m,6
SR-ATAD5,AATSC7m,6
SR-ATAD5,GATS1se,6
SR-ATAD5,AXp-6d,6
SR-ATAD5,GATS4pe,6
SR-ATAD5,AATS7dv,6
SR-ATAD5,AETA_eta_FL,6
SR-ATAD5,PEOE_VSA6,6
SR-ATAD5,ATSC2s,6
SR-ATAD5,AATS6s,6
SR-ATAD5,Xc-5dv,6
SR-ATAD5,AETA_eta_BR,6
SR-ATAD5,MATS2c,6
SR-ATAD5,Xpc-6dv,6
SR-ATAD5,ZMIC3,6
SR-ATAD5,MATS6pe,6
SR-ATAD5,Xpc-4d,6
SR-ATAD5,GATS5pe,6
SR-ATAD5,GATS8se,6
SR-ATAD5,AATS0s,6
SR-ATAD5,ETA_epsilon_4,6
SR-ATAD5,AATS6d,6
SR-ATAD5,JGI2,6
SR-ATAD5,AATSC7v,6
SR-ATAD5,ETA_dEpsilon_D,6
SR-ATAD5,MATS1se,6
SR-ATAD5,AATSC1Z,6
SR-HSE,GATS6c,32
SR-HSE,SLogP,21
SR-HSE,AATS4s,17
SR-HSE,BCUTi-1l,16
SR-HSE,ATSC5i,15
SR-HSE,GATS4pe,15
SR-HSE,GATS4se,15
SR-HSE,ATSC2dv,15
SR-HSE,GATS5se,13
SR-HSE,ATS0Z,13
SR-HSE,GATS6s,13
SR-HSE,MAXsCH3,12
SR-HSE,SlogP_VSA2,12
SR-HSE,MDEC-33,12
SR-HSE,GATS4v,12
SR-HSE,MINdssC,12
SR-HSE,GATS4c,11
SR-HSE,AATSC1s,11
SR-HSE,MINdsCH,11
SR-HSE,ATSC4c,11
SR-HSE,FilterItLogS,11
SR-HSE,JGI8,11
SR-HSE,GATS1p,11
SR-HSE,ATSC1i,10
SR-HSE,MINaaaC,10
SR-HSE,EState_VSA7,10
SR-HSE,AATS8i,10
SR-HSE,GATS3p,10
SR-HSE,AATS2i,10
SR-HSE,MDEC-11,10
SR-HSE,AATSC2pe,10
SR-HSE,GATS7s,10
SR-HSE,ATSC3are,10
SR-HSE,ATSC5v,10
SR-HSE,SIC2,9
SR-HSE,TopoPSA,9
SR-HSE,ZMIC5,9
SR-HSE,GATS8c,9
SR-HSE,MATS1s,9
SR-HSE,GATS4are,9
SR-HSE,AATS3i,9
SR-HSE,ATSC3i,9
SR-HSE,ATSC1s,9
SR-HSE,MATS4d,9
SR-HSE,AATS4v,9
SR-HSE,AATSC2v,9
SR-HSE,MATS2d,9
SR-HSE,GATS6dv,8
SR-HSE,ATSC2v,8
SR-HSE,MATS5Z,8
SR-HSE,GATS3d,8
SR-HSE,GATS8d,8
SR-HSE,AETA_eta_FL,8
SR-HSE,AATS5pe,8
SR-HSE,AETA_beta_ns_d,8
SR-HSE,PEOE_VSA10,8
SR-HSE,GATS5c,8
SR-HSE,MATS7d,8
SR-HSE,MATS5se,8
SR-HSE,AATSC1are,8
SR-HSE,MATS2m,8
SR-HSE,BCUTdv-1l,8
SR-HSE,BCUTd-1l,8
SR-HSE,CIC2,8
SR-HSE,MATS4c,8
SR-HSE,MATS6p,8
SR-HSE,ETA_dEpsilon_D,8
SR-HSE,MAXdsCH,8
SR-HSE,MAXaaCH,8
SR-HSE,MATS5c,7
SR-HSE,MATS7s,7
SR-HSE,GATS5s,7
SR-HSE,MATS7c,7
SR-HSE,ATSC6c,7
SR-HSE,ATSC0p,7
SR-HSE,AATS6v,7
SR-HSE,ATSC3c,7
SR-HSE,ATSC4i,7
SR-HSE,AATSC2i,7
SR-HSE,ATSC2d,7
SR-HSE,GATS8s,7
SR-HSE,MATS7i,7
SR-HSE,MATS8d,7
SR-HSE,GATS7c,7
SR-HSE,AATSC5d,7
SR-HSE,MATS2se,7
SR-HSE,SdssC,7
SR-HSE,GATS5v,7
SR-HSE,BCUTare-1l,7
SR-HSE,BCUTi-1h,7
SR-HSE,SaasC,7
SR-HSE,ATS0m,7
SR-HSE,MIC2,7
SR-HSE,BCUTZ-1h,7
SR-HSE,BCUTc-1l,7
SR-HSE,RNCG,7
SR-HSE,RotRatio,7
SR-HSE,TopoPSA(NO),7
SR-HSE,JGI9,7
SR-HSE,GATS6p,7
SR-HSE,VSA_EState3,7
SR-HSE,Xp-1dv,7
SR-HSE,VSA_EState7,7
SR-HSE,Kier3,7
SR-HSE,GATS4i,7
SR-HSE,ATS0p,7
SR-HSE,AATSC2s,6
SR-HSE,MATS5v,6
SR-HSE,ATSC6p,6
SR-HSE,ATSC6d,6
SR-HSE,ATSC5d,6
SR-HSE,VSA_EState8,6
SR-HSE,ATSC5c,6
SR-HSE,AATSC3p,6
SR-HSE,BIC3,6
SR-HSE,GATS1Z,6
SR-HSE,MATS3c,6
SR-HSE,MATS3d,6
SR-HSE,SpMax_A,6
SR-HSE,AATSC3d,6
SR-HSE,ATSC6v,6
SR-HSE,Mm,6
SR-HSE,ATSC4v,6
SR-HSE,PEOE_VSA7,6
SR-HSE,ATSC5m,6
SR-HSE,MATS3s,6
SR-HSE,MATS1v,6
SR-HSE,nBondsD,6
SR-HSE,MATS8s,6
SR-HSE,MATS7dv,6
SR-HSE,MATS4dv,6
SR-HSE,MATS1dv,6
SR-HSE,SpMAD_Dzv,6
SR-HSE,ATSC2c,6
SR-HSE,BIC1,6
SR-HSE,GATS7i,6
SR-HSE,MDEC-24,6
SR-HSE,IC2,6
SR-HSE,MDEO-11,6
SR-HSE,GATS6se,6
SR-HSE,AETA_beta_s,6
SR-HSE,GATS7se,6
SR-HSE,GATS3se,6
SR-HSE,MATS6are,6
SR-HSE,GATS3c,6
SR-HSE,GATS1c,6
SR-HSE,MATS8i,6
SR-HSE,GATS7dv,6
SR-HSE,AATSC2c,6
SR-HSE,GATS4d,6
SR-HSE,AATSC5c,6
SR-HSE,EState_VSA2,6
SR-HSE,AATSC7c,6
SR-HSE,MATS5d,6
SR-HSE,AATSC4se,6
SR-HSE,AATSC3v,6
SR-HSE,MAXssNH,6
SR-HSE,SsOH,6
SR-HSE,AATSC3Z,6
SR-HSE,GATS1s,6
SR-HSE,AATSC1v,6
SR-HSE,GATS1v,6
SR-HSE,AATS8p,6
SR-HSE,AATSC2se,6
SR-HSE,GATS2dv,6
SR-HSE,PEOE_VSA6,5
SR-HSE,PEOE_VSA12,5
SR-HSE,ATSC7se,5
SR-HSE,ATSC4se,5
SR-HSE,MDEC-12,5
SR-HSE,PEOE_VSA8,5
SR-HSE,VSA_EState5,5
SR-HSE,AATSC0pe,5
SR-HSE,AATSC3c,5
SR-HSE,BIC5,5
SR-HSE,AATSC5se,5
SR-HSE,SIC0,5
SR-HSE,AATSC2Z,5
SR-HSE,ATSC5p,5
SR-HSE,BIC4,5
SR-HSE,AATSC2are,5
SR-HSE,AATSC4p,5
SR-HSE,IC5,5
SR-HSE,AATSC3s,5
SR-HSE,AATSC3m,5
SR-HSE,AATSC5i,5
SR-HSE,AATSC8i,5
SR-HSE,ETA_shape_p,5
SR-HSE,MATS2c,5
SR-HSE,ATSC5pe,5
SR-HSE,MATS6c,5
SR-HSE,ATSC2pe,5
SR-HSE,MATS8c,5
SR-HSE,ZMIC2,5
SR-HSE,AATSC6d,5
SR-HSE,MATS6d,5
SR-HSE,MATS4se,5
SR-HSE,ATSC5dv,5
SR-HSE,ATSC4dv,5
SR-HSE,GATS1pe,5
SR-HSE,MATS1are,5
SR-HSE,AATS6i,5
SR-HSE,GATS3i,5
SR-HSE,MATS5p,5
SR-HSE,AATS6p,5
SR-HSE,MAXdssC,5
SR-HSE,GATS3dv,5
SR-HSE,GATS5dv,5
SR-HSE,GATS6are,5
SR-HSE,GATS2d,5
SR-HSE,GATS5are,5
SR-HSE,AATS7v,5
SR-HSE,ATSC3v,5
SR-HSE,GATS3are,5
SR-HSE,GATS1are,5
SR-HSE,GATS5Z,5
SR-HSE,GATS4m,5
SR-HSE,AATS6Z,5
SR-HSE,SdsCH,5
SR-HSE,AATS5s,5
SR-HSE,AATS3s,5
SR-HSE,AATS8dv,5
SR-HSE,BCUTm-1h,5
SR-HSE,AATS0s,5
SR-HSE,AXp-5d,5
SR-HSE,MATS1se,5
SR-HSE,ATSC6s,5
SR-HSE,ATSC2Z,5
SR-HSE,ATSC3s,5
SR-HSE,ATSC2s,5
SR-HSE,AXp-4d,5
SR-HSE,ATSC0s,5
SR-HSE,MATS3m,5
SR-HSE,MATS6Z,5
SR-HSE,AXp-3d,5
SR-HSE,ATSC5Z,5
SR-HSE,MATS3Z,5
SR-HSE,ATSC3m,5
SR-HSE,MINssCH2,5
SR-HSE,MATS5m,5
SR-HSE,IC0,4
SR-HSE,GATS3pe,4
SR-HSE,AATSC2m,4
SR-HSE,GATS5pe,4
SR-HSE,AXp-4dv,4
SR-HSE,GATS2are,4
SR-HSE,AXp-6dv,4
SR-HSE,AXp-7dv,4
SR-HSE,Mi,4
SR-HSE,BCUTse-1h,4
SR-HSE,AATSC8s,4
SR-HSE,BCUTse-1l,4
SR-HSE,SIC1,4
SR-HSE,GATS7p,4
SR-HSE,BIC0,4
SR-HSE,GATS1i,4
SR-HSE,Xc-5dv,4
SR-HSE,BIC2,4
SR-HSE,GATS8i,4
SR-HSE,RPCG,4
SR-HSE,SpMAD_Dzi,4
SR-HSE,BCUTs-1h,4
SR-HSE,BCUTs-1l,4
SR-HSE,BCUTp-1h,4
SR-HSE,CIC5,4
SR-HSE,BCUTc-1h,4
SR-HSE,AATSC5v,4
SR-HSE,AETA_eta_B,4
SR-HSE,AATSC4i,4
SR-HSE,MATS8se,4
SR-HSE,AATSC1p,4
SR-HSE,MATS6se,4
SR-HSE,AATSC5p,4
SR-HSE,MINsCl,4
SR-HSE,AATSC1i,4
SR-HSE,MATS3se,4
SR-HSE,MATS6v,4
SR-HSE,GATS1se,4
SR-HSE,AATSC6i,4
SR-HSE,MATS1c,4
SR-HSE,MATS3v,4
SR-HSE,MATS1m,4
SR-HSE,MATS8Z,4
SR-HSE,MINsCH3,4
SR-HSE,MINaaCH,4
SR-HSE,MATS5pe,4
SR-HSE,MATS6pe,4
SR-HSE,MATS2are,4
SR-HSE,MATS3are,4
SR-HSE,GATS3v,4
SR-HSE,GATS2m,4
SR-HSE,GATS2Z,4
SR-HSE,GATS4s,4
SR-HSE,GATS3s,4
SR-HSE,GATS2s,4
SR-HSE,AATSC4v,4
SR-HSE,AATSC7v,4
SR-HSE,GATS7d,4
SR-HSE,AETA_beta_ns,4
SR-HSE,AATSC0se,4
SR-MMP,SLogP,92
SR-MMP,BCUTd-1l,56
SR-MMP,MAXdssC,54
SR-MMP,GATS3c,46
SR-MMP,MATS2c,40
SR-MMP,ZMIC2,39
SR-MMP,nAcid,38
SR-MMP,MDEC-12,38
SR-MMP,MINsOH,37
SR-MMP,SlogP_VSA2,37
SR-MMP,MINaasC,35
SR-MMP,SMR_VSA3,33
SR-MMP,GATS4c,32
SR-MMP,GATS8c,32
SR-MMP,VSA_EState3,32
SR-MMP,RPCG,32
SR-MMP,MATS3s,32
SR-MMP,MATS3c,32
SR-MMP,GATS3s,32
SR-MMP,MINssCH2,32
SR-MMP,MATS6p,32
SR-MMP,BIC2,31
SR-MMP,AATSC8d,30
SR-MMP,GATS2c,30
SR-MMP,ATSC3c,30
SR-MMP,BCUTc-1h,29
SR-MMP,MATS2m,29
SR-MMP,AATSC1se,29
SR-MMP,AETA_beta_ns_d,29
SR-MMP,MATS7c,29
SR-MMP,GATS1c,29
SR-MMP,MATS4p,28
SR-MMP,ATSC1i,28
SR-MMP,MINsssCH,28
SR-MMP,BCUTi-1h,27
SR-MMP,AATS7i,27
SR-MMP,AATS8i,26
SR-MMP,GATS7v,26
SR-MMP,ATSC7c,26
SR-MMP,ATSC8c,26
SR-MMP,MAXdO,26
SR-MMP,AATSC7pe,26
SR-MMP,MATS4se,25
SR-MMP,ATSC1v,25
SR-MMP,GATS4d,25
SR-MMP,BCUTi-1l,25
SR-MMP,SlogP_VSA10,25
SR-MMP,ATSC2c,25
SR-MMP,ETA_dEpsilon_D,25
SR-MMP,AATSC1i,25
SR-MMP,MINdssC,24
SR-MMP,GATS1p,24
SR-MMP,GATS3se,24
SR-MMP,GATS5c,24
SR-MMP,RNCG,23
SR-MMP,ATSC2dv,23
SR-MMP,MATS2p,23
SR-MMP,AATSC2p,22
SR-MMP,ATSC3v,22
SR-MMP,GATS3v,22
SR-MMP,MAXsOH,22
SR-MMP,MINaaCH,22
SR-MMP,MATS8c,22
SR-MMP,MATS1p,22
SR-MMP,AATSC2c,22
SR-MMP,ATSC4c,22
SR-MMP,ATSC3pe,22
SR-MMP,SlogP_VSA3,22
SR-MMP,ATSC3i,22
SR-MMP,SMR,21
SR-MMP,BIC4,21
SR-MMP,MDEC-33,21
SR-MMP,ATSC6s,21
SR-MMP,AATSC1p,21
SR-MMP,AATSC1pe,21
SR-MMP,AXp-5dv,21
SR-MMP,GATS6c,21
SR-MMP,MATS7i,21
SR-MMP,MDEC-22,21
SR-MMP,VE1_A,21
SR-MMP,MINsCH3,21
SR-MMP,VSA_EState7,21
SR-MMP,GATS7s,21
SR-MMP,GATS2s,20
SR-MMP,EState_VSA6,20
SR-MMP,EState_VSA4,20
SR-MMP,SMR_VSA9,20
SR-MMP,ATSC1p,20
SR-MMP,GATS4i,20
SR-MMP,PEOE_VSA8,20
SR-MMP,JGI3,20
SR-MMP,AATSC4p,20
SR-MMP,AETA_dBeta,20
SR-MMP,ETA_epsilon_5,20
SR-MMP,MATS5p,19
SR-MMP,GATS7d,19
SR-MMP,GATS2p,19
SR-MMP,MATS1i,19
SR-MMP,MATS5s,19
SR-MMP,AATSC1v,19
SR-MMP,AATSC0v,19
SR-MMP,MAXssO,19
SR-MMP,AATSC7v,19
SR-MMP,MAXssNH,18
SR-MMP,AATSC2dv,18
SR-MMP,EState_VSA8,18
SR-MMP,ATSC5c,18
SR-MMP,ATSC7s,18
SR-MMP,SlogP_VSA5,18
SR-MMP,ATSC5p,18
SR-MMP,ATSC0c,18
SR-MMP,Kier3,18
SR-MMP,PEOE_VSA6,18
SR-MMP,AATSC1dv,18
SR-MMP,GATS8d,18
SR-MMP,GATS7se,18
SR-MMP,AATSC1c,18
SR-MMP,AATSC7c,18
SR-MMP,ATSC3m,18
SR-MMP,ATSC2d,18
SR-MMP,MATS3d,17
SR-MMP,GATS4s,17
SR-MMP,VSA_EState4,17
SR-MMP,SMR_VSA6,17
SR-MMP,SIC5,17
SR-MMP,MATS3v,17
SR-MMP,AATSC4c,17
SR-MMP,MAXsssCH,17
SR-MMP,ATSC5se,17
SR-MMP,AATS6p,17
SR-MMP,BIC3,17
SR-MMP,GATS2se,17
SR-MMP,GATS2i,17
SR-MMP,AATSC3dv,16
SR-MMP,ZMIC1,16
SR-MMP,MATS8v,16
SR-MMP,ATSC6c,16
SR-MMP,GATS6v,16
SR-MMP,ATSC5dv,16
SR-MMP,AATSC4i,16
SR-MMP,ATSC0s,16
SR-MMP,MINssNH,16
SR-MMP,GATS5s,16
SR-MMP,MATS4c,16
SR-MMP,MATS1d,16
SR-MMP,GATS6Z,16
SR-MMP,GATS7i,16
SR-MMP,AATS5i,16
SR-MMP,AATSC6c,16
SR-MMP,ATSC7pe,16
SR-MMP,AATSC3v,16
SR-MMP,AATSC4s,16
SR-MMP,ATSC4p,15
SR-MMP,BCUTse-1l,15
SR-MMP,ATSC5s,15
SR-MMP,MAXddsN,15
SR-MMP,GATS1i,15
SR-MMP,MATS7v,15
SR-MMP,MINdO,15
SR-MMP,AATSC0p,15
SR-MMP,AATS7v,15
SR-MMP,MATS4d,15
SR-MMP,GATS3i,15
SR-MMP,AATSC3s,15
SR-MMP,BCUTc-1l,15
SR-MMP,SIC2,15
SR-MMP,ATSC1se,15
SR-MMP,AXp-6dv,15
SR-MMP,MIC2,15
SR-MMP,GATS8s,15
SR-MMP,MDEC-34,15
SR-MMP,AATS2i,15
SR-MMP,ATSC8s,15
SR-MMP,FilterItLogS,14
SR-MMP,ATSC2i,14
SR-MMP,AATS7d,14
SR-MMP,MAXdsCH,14
SR-MMP,AATSC2d,14
SR-MMP,AATSC8v,14
SR-MMP,MATS7p,14
SR-MMP,ATSC3p,14
SR-MMP,AATS3p,14
SR-MMP,JGI4,14
SR-MMP,MDEC-11,14
SR-MMP,AATS1p,14
SR-MMP,AATSC3Z,14
SR-MMP,ATS0v,14
SR-MMP,C2SP2,14
SR-MMP,AATS2d,14
SR-MMP,ATSC6dv,14
SR-MMP,GATS6se,14
SR-MMP,IC3,14
SR-MMP,GATS5se,14
SR-MMP,AATSC7p,14
SR-MMP,AATSC0i,14
SR-MMP,ATSC2m,14
SR-MMP,AATSC0s,14
SR-MMP,MATS4i,14
SR-MMP,AATSC5p,14
SR-MMP,MATS7se,14
SR-MMP,AATSC3i,14
SR-MMP,AATSC4d,14
SR-MMP,ETA_beta_ns_d,14
SR-MMP,AATS3i,14
SR-MMP,ATSC4dv,14
SR-MMP,MAXsCH3,14
SR-MMP,GATS1s,14
SR-MMP,AATS2v,14
SR-MMP,MATS1v,14
SR-MMP,CIC2,13
SR-MMP,GATS5pe,13
SR-MMP,MDEC-13,13
SR-MMP,AETA_eta,13
SR-MMP,AETA_beta_s,13
SR-MMP,AATSC1are,13
SR-MMP,SlogP_VSA11,13
SR-MMP,ETA_epsilon_2,13
SR-MMP,AATS4p,13
SR-MMP,GATS6p,13
SR-MMP,PEOE_VSA3,13
SR-MMP,MATS8p,13
SR-MMP,ATSC1dv,13
SR-MMP,ATSC8d,13
SR-MMP,ZMIC4,13
SR-MMP,AATSC6s,13
SR-MMP,GATS5are,13
SR-MMP,AATSC2v,13
SR-MMP,GATS3dv,13
SR-MMP,GATS6d,13
SR-MMP,MATS8d,13
SR-MMP,MATS4v,13
SR-MMP,BCUTZ-1l,13
SR-MMP,SM1_Dzp,13
SR-MMP,AATSC3c,13
SR-MMP,AATS6s,13
SR-MMP,ATSC7p,13
SR-MMP,MATS6d,13
SR-MMP,MATS7d,13
SR-MMP,MATS3se,12
SR-MMP,BCUTdv-1l,12
SR-MMP,AXp-4dv,12
SR-MMP,ETA_shape_y,12
SR-MMP,GATS8p,12
SR-MMP,SaasC,12
SR-MMP,MATS6s,12
SR-MMP,GATS8dv,12
SR-MMP,SpMAD_A,12
SR-MMP,MATS1are,12
SR-MMP,ATSC3Z,12
SR-MMP,JGT10,12
SR-MMP,SlogP_VSA1,12
SR-MMP,GATS2d,12
SR-MMP,ATSC7v,12
SR-MMP,MATS8i,12
SR-MMP,GATS4p,12
SR-MMP,ATSC5i,12
SR-MMP,GATS6dv,12
SR-MMP,MATS5are,12
SR-MMP,PEOE_VSA10,12
SR-MMP,MDEC-23,12
SR-MMP,AATS5s,12
SR-MMP,MATS4Z,12
SR-MMP,MATS2Z,12
SR-MMP,ATSC8pe,12
SR-MMP,IC1,12
SR-MMP,GATS5m,12
SR-MMP,AATSC6m,12
SR-MMP,BCUTm-1l,12
SR-MMP,TopoPSA,12
SR-MMP,GATS8v,12
SR-MMP,GATS5v,12
SR-MMP,MAXaasC,12
SR-MMP,GATS3d,12
SR-MMP,BCUTare-1l,12
SR-MMP,AATSC6d,11
SR-MMP,ATSC6v,11
SR-MMP,AXp-7dv,11
SR-MMP,RotRatio,11
SR-MMP,ATSC7are,11
SR-MMP,MATS6se,11
SR-MMP,AATSC0c,11
SR-MMP,GATS4se,11
SR-MMP,PEOE_VSA4,11
SR-MMP,MATS4s,11
SR-MMP,GATS3Z,11
SR-MMP,BCUTZ-1h,11
SR-MMP,AXp-3dv,11
SR-MMP,IC0,11
SR-MMP,ATSC4m,11
SR-MMP,MATS3i,11
SR-MMP,AATSC7i,11
SR-MMP,ATSC2s,11
SR-MMP,GATS2Z,11
SR-MMP,GATS7c,11
SR-MMP,AATSC5d,11
SR-MMP,MATS6c,11
SR-MMP,AATS7p,11
SR-MMP,BCUTdv-1h,11
SR-MMP,JGI6,11
SR-MMP,AATS5se,11
SR-p53,GATS3c,35
SR-p53,BCUTd-1l,32
SR-p53,ATSC3c,30
SR-p53,MATS8c,30
SR-p53,ATSC3v,29
SR-p53,MATS3c,28
SR-p53,ETA_shape_p,27
SR-p53,MATS3s,26
SR-p53,GATS2dv,24
SR-p53,ETA_alpha,24
SR-p53,AATSC1v,23
SR-p53,nAcid,23
SR-p53,GATS4c,22
SR-p53,EState_VSA9,22
SR-p53,AXp-0dv,22
SR-p53,SIC2,22
SR-p53,MAXdsCH,22
SR-p53,GATS7d,21
SR-p53,GATS3s,21
SR-p53,BIC2,21
SR-p53,GATS4d,19
SR-p53,AATSC3c,19
SR-p53,MINdO,19
SR-p53,AATS7i,19
SR-p53,MAXaaN,19
SR-p53,ATSC4c,19
SR-p53,ATSC2c,19
SR-p53,MATS7v,18
SR-p53,AATSC8se,18
SR-p53,MDEN-22,18
SR-p53,GATS5c,18
SR-p53,ATSC6c,18
SR-p53,GATS1c,18
SR-p53,AATSC4c,18
SR-p53,ATSC4dv,17
SR-p53,GATS6c,17
SR-p53,AATSC2c,17
SR-p53,GATS5v,17
SR-p53,MDEC-33,17
SR-p53,ATSC6pe,17
SR-p53,GATS4p,17
SR-p53,GATS1s,17
SR-p53,GATS4i,17
SR-p53,AATS3i,17
SR-p53,AATSC5m,16
SR-p53,SlogP_VSA3,16
SR-p53,BCUTi-1l,16
SR-p53,GATS8i,16
SR-p53,AATSC2d,16
SR-p53,MATS4d,15
SR-p53,SLogP,15
SR-p53,GATS8p,15
SR-p53,BCUTc-1h,15
SR-p53,GATS6s,15
SR-p53,GATS3Z,15
SR-p53,MATS5m,15
SR-p53,ATSC5c,15
SR-p53,AATSC3se,15
SR-p53,MINaaN,15
SR-p53,AATSC3s,15
SR-p53,MIC2,15
SR-p53,EState_VSA6,15
SR-p53,GATS4are,14
SR-p53,ATSC1Z,14
SR-p53,GATS6se,14
SR-p53,AATSC0s,14
SR-p53,AATS3v,14
SR-p53,PEOE_VSA8,14
SR-p53,MATS3m,14
SR-p53,SM1_Dzse,14
SR-p53,GATS8are,14
SR-p53,GATS1p,14
SR-p53,MATS1c,14
SR-p53,GATS7are,14
SR-p53,AXp-5dv,14
SR-p53,SlogP_VSA10,13
SR-p53,ATSC8se,13
SR-p53,AATSC7v,13
SR-p53,GATS3d,13
SR-p53,AATS4d,13
SR-p53,AATSC1Z,13
SR-p53,ATSC2i,13
SR-p53,GATS2s,13
SR-p53,ATSC5p,13
SR-p53,MATS7dv,13
SR-p53,MAXdssC,13
SR-p53,AATS3d,13
SR-p53,MINsCH3,13
SR-p53,VSA_EState3,13
SR-p53,GATS6v,13
SR-p53,MATS5v,13
SR-p53,GATS7se,12
SR-p53,AETA_beta_s,12
SR-p53,AATS5i,12
SR-p53,AATS4p,12
SR-p53,BalabanJ,12
SR-p53,MATS1Z,12
SR-p53,GATS7s,12
SR-p53,BCUTd-1h,12
SR-p53,MINssNH,12
SR-p53,MATS2m,12
SR-p53,MATS5Z,12
SR-p53,GATS1dv,12
SR-p53,ETA_dEpsilon_D,12
SR-p53,PEOE_VSA6,12
SR-p53,ATS0Z,12
SR-p53,ATSC4m,12
SR-p53,GATS4v,12
SR-p53,ATSC7c,12
SR-p53,GATS1d,12
SR-p53,ATSC8c,12
SR-p53,ATSC5se,12
SR-p53,AATSC6dv,11
SR-p53,MID_N,11
SR-p53,GATS5dv,11
SR-p53,MATS3v,11
SR-p53,AXp-1d,11
SR-p53,AMID,11
SR-p53,ATSC1m,11
SR-p53,AATS3p,11
SR-p53,AATSC0d,11
SR-p53,ATS0m,11
SR-p53,GATS1se,11
SR-p53,MATS6Z,10
SR-p53,GATS4se,10
SR-p53,GATS6d,10
SR-p53,MATS6i,10
SR-p53,GATS1are,10
SR-p53,JGI7,10
SR-p53,ATSC7d,10
SR-p53,ATSC4v,10
SR-p53,AATS5dv,10
SR-p53,AATSC3v,10
SR-p53,MATS1se,10
SR-p53,MATS2p,10
SR-p53,AATS7s,10
SR-p53,GATS7p,10
SR-p53,GATS8se,10
SR-p53,MATS4pe,10
SR-p53,AATSC5i,10
SR-p53,AATS3s,10
SR-p53,ATSC5Z,10
SR-p53,MATS7d,10
SR-p53,ATSC6i,10
SR-p53,CIC2,10
SR-p53,MATS8s,10
SR-p53,MATS2c,10
SR-p53,AXp-7dv,10
SR-p53,AXp-0d,10
SR-p53,GATS3p,10
SR-p53,RPCG,10
SR-p53,ZMIC3,10
SR-p53,BCUTi-1h,10
SR-p53,ATSC6dv,10
SR-p53,GATS6are,10
SR-p53,AATSC7d,10
SR-p53,AATSC6i,10
SR-p53,MINdsCH,10
SR-p53,Xch-7d,10
SR-p53,GATS2c,9
SR-p53,AATSC4i,9
SR-p53,AATS5d,9
SR-p53,MATS8se,9
SR-p53,MAXssNH,9
SR-p53,ETA_epsilon_2,9
SR-p53,AATSC4p,9
SR-p53,AATS4i,9
SR-p53,PEOE_VSA11,9
SR-p53,AATSC3Z,9
SR-p53,ATSC1i,9
SR-p53,GATS3se,9
SR-p53,AXp-3d,9
SR-p53,EState_VSA3,9
SR-p53,MATS2i,9
SR-p53,AETA_eta_L,9
SR-p53,AATS2i,9
SR-p53,ZMIC4,9
SR-p53,AATSC3m,9
SR-p53,AXp-6dv,9
SR-p53,EState_VSA1,9
SR-p53,AATS1pe,9
SR-p53,CIC0,9
SR-p53,JGI6,9
SR-p53,AATSC2are,9
SR-p53,GATS4pe,9
SR-p53,SRW09,9
SR-p53,AATSC3p,9
SR-p53,TopoPSA,9
SR-p53,AATSC2Z,9
SR-p53,ATSC1are,9
SR-p53,RNCG,9
SR-p53,ATSC3Z,9
SR-p53,MATS6s,9
SR-p53,SM1_DzZ,9
SR-p53,ATSC4Z,9
SR-p53,GATS5s,9
SR-p53,ATSC5s,9
SR-p53,BCUTdv-1l,9
SR-p53,GATS5i,9
SR-p53,GATS5m,9
SR-p53,ATSC1se,9
SR-p53,SlogP_VSA2,9
SR-p53,MATS5dv,9
SR-p53,ATSC4d,9
SR-p53,GATS2i,9
SR-p53,MATS1dv,9
SR-p53,AATSC2m,9
SR-p53,GATS3dv,9
SR-p53,SlogP_VSA5,9
SR-p53,ATSC5m,9
SR-p53,AATS2v,8
SR-p53,GATS6Z,8
SR-p53,ATSC2v,8
SR-p53,AATSC2v,8
SR-p53,GATS8pe,8
SR-p53,GATS8Z,8
SR-p53,BCUTv-1h,8
SR-p53,SMR_VSA1,8
SR-p53,ATSC5v,8
SR-p53,IC1,8
SR-p53,MINsCl,8
SR-p53,GATS3m,8
SR-p53,ATSC4i,8
SR-p53,AATSC8s,8
SR-p53,GATS4m,8
SR-p53,MDEC-22,8
SR-p53,BCUTse-1l,8
SR-p53,ATSC2p,8
SR-p53,MATS3Z,8
SR-p53,MAXsssCH,8
SR-p53,BCUTp-1l,8
SR-p53,MATS5s,8
SR-p53,GATS8s,8
SR-p53,MAXssO,8
SR-p53,AATSC8c,8
SR-p53,MATS7se,8
SR-p53,BIC4,8
SR-p53,BIC3,8
SR-p53,AATS0s,8
SR-p53,AATSC0v,8
SR-p53,MINsssCH,8
SR-p53,AATSC2s,8
SR-p53,ATSC7se,8
SR-p53,GATS3v,8
SR-p53,AATSC6p,8
SR-p53,ATSC2d,8
SR-p53,MATS4dv,8
SR-p53,AATSC1m,8
SR-p53,AATSC1p,8
SR-p53,MATS2d,8
SR-p53,SM1_Dzv,8
SR-p53,ATSC1s,8
SR-p53,AATS8v,8
SR-p53,ATSC3s,8
SR-p53,MATS1v,8
SR-p53,ETA_epsilon_5,8
SR-p53,MATS1s,8
SR-p53,MATS4se,8
SR-p53,ZMIC1,8
SR-p53,MINaaaC,8
SR-p53,AATSC1dv,8
SR-p53,AATS8i,8
SR-p53,MAXdO,8
SR-p53,AATS2d,8
SR-p53,AATSC5Z,7
SR-p53,ATSC8are,7
SR-p53,MATS4p,7
SR-p53,GATS2se,7
SR-p53,JGI8,7
SR-p53,AATSC4d,7
SR-p53,MATS5se,7
SR-p53,AXp-6d,7
SR-p53,GATS1pe,7
SR-p53,AATSC1s,7
SR-p53,SIC4,7
SR-p53,SdssC,7
SR-p53,AETA_eta_B,7
SR-p53,AATSC0c,7
SR-p53,ATSC7i,7
SR-p53,MIC5,7
SR-p53,MATS3p,7
SR-p53,AATSC5s,7
SR-p53,FilterItLogS,7
SR-p53,PEOE_VSA7,7
SR-p53,ATSC3are,7
SR-p53,AATSC5dv,7
SR-p53,AATSC8Z,7
SR-p53,AATS1i,7
SR-p53,SM1_Dzm,7
SR-p53,ATSC3se,7
SR-p53,AATSC5se,7
SR-p53,AATS6i,7
SR-p53,MATS4i,7
SR-p53,AMID_N,7
SR-p53,AATSC4pe,7
SR-p53,AMID_O,7
SR-p53,AATS7Z,7
SR-p53,ATSC4se,7
SR-p53,ATSC8d,7
SR-p53,Xch-7dv,7
